#include <model.h>

const unsigned char g_model[] __attribute__((aligned(16))) = {
0x20, 0x00, 0x00, 0x00, 0x54, 0x46, 0x4c, 0x33, 0x00, 0x00, 0x00, 0x00,
0x14, 0x00, 0x20, 0x00, 0x1c, 0x00, 0x18, 0x00, 0x14, 0x00, 0x10, 0x00,
0x0c, 0x00, 0x00, 0x00, 0x08, 0x00, 0x04, 0x00, 0x14, 0x00, 0x00, 0x00,
0x1c, 0x00, 0x00, 0x00, 0x90, 0x00, 0x00, 0x00, 0xe8, 0x00, 0x00, 0x00,
0xa4, 0x23, 0x00, 0x00, 0xb4, 0x23, 0x00, 0x00, 0x54, 0x48, 0x00, 0x00,
0x03, 0x00, 0x00, 0x00, 0x01, 0x00, 0x00, 0x00, 0x10, 0x00, 0x00, 0x00,
0x00, 0x00, 0x0a, 0x00, 0x10, 0x00, 0x0c, 0x00, 0x08, 0x00, 0x04, 0x00,
0x0a, 0x00, 0x00, 0x00, 0x0c, 0x00, 0x00, 0x00, 0x1c, 0x00, 0x00, 0x00,
0x3c, 0x00, 0x00, 0x00, 0x0f, 0x00, 0x00, 0x00, 0x73, 0x65, 0x72, 0x76,
0x69, 0x6e, 0x67, 0x5f, 0x64, 0x65, 0x66, 0x61, 0x75, 0x6c, 0x74, 0x00,
0x01, 0x00, 0x00, 0x00, 0x04, 0x00, 0x00, 0x00, 0x98, 0xff, 0xff, 0xff,
0x1d, 0x00, 0x00, 0x00, 0x04, 0x00, 0x00, 0x00, 0x08, 0x00, 0x00, 0x00,
0x6f, 0x75, 0x74, 0x70, 0x75, 0x74, 0x5f, 0x30, 0x00, 0x00, 0x00, 0x00,
0x01, 0x00, 0x00, 0x00, 0x04, 0x00, 0x00, 0x00, 0x32, 0xdc, 0xff, 0xff,
0x04, 0x00, 0x00, 0x00, 0x07, 0x00, 0x00, 0x00, 0x69, 0x6e, 0x70, 0x75,
0x74, 0x5f, 0x31, 0x00, 0x02, 0x00, 0x00, 0x00, 0x34, 0x00, 0x00, 0x00,
0x04, 0x00, 0x00, 0x00, 0xdc, 0xff, 0xff, 0xff, 0x20, 0x00, 0x00, 0x00,
0x04, 0x00, 0x00, 0x00, 0x13, 0x00, 0x00, 0x00, 0x43, 0x4f, 0x4e, 0x56,
0x45, 0x52, 0x53, 0x49, 0x4f, 0x4e, 0x5f, 0x4d, 0x45, 0x54, 0x41, 0x44,
0x41, 0x54, 0x41, 0x00, 0x08, 0x00, 0x0c, 0x00, 0x08, 0x00, 0x04, 0x00,
0x08, 0x00, 0x00, 0x00, 0x1f, 0x00, 0x00, 0x00, 0x04, 0x00, 0x00, 0x00,
0x13, 0x00, 0x00, 0x00, 0x6d, 0x69, 0x6e, 0x5f, 0x72, 0x75, 0x6e, 0x74,
0x69, 0x6d, 0x65, 0x5f, 0x76, 0x65, 0x72, 0x73, 0x69, 0x6f, 0x6e, 0x00,
0x21, 0x00, 0x00, 0x00, 0xb8, 0x22, 0x00, 0x00, 0xb0, 0x22, 0x00, 0x00,
0x98, 0x22, 0x00, 0x00, 0x7c, 0x22, 0x00, 0x00, 0xac, 0x21, 0x00, 0x00,
0x9c, 0x20, 0x00, 0x00, 0x8c, 0x10, 0x00, 0x00, 0x7c, 0x0f, 0x00, 0x00,
0x6c, 0x07, 0x00, 0x00, 0xdc, 0x06, 0x00, 0x00, 0xac, 0x05, 0x00, 0x00,
0x1c, 0x05, 0x00, 0x00, 0x0c, 0x03, 0x00, 0x00, 0xbc, 0x02, 0x00, 0x00,
0x1c, 0x02, 0x00, 0x00, 0xfc, 0x01, 0x00, 0x00, 0xdc, 0x01, 0x00, 0x00,
0x8c, 0x01, 0x00, 0x00, 0xec, 0x00, 0x00, 0x00, 0xe4, 0x00, 0x00, 0x00,
0xdc, 0x00, 0x00, 0x00, 0xd4, 0x00, 0x00, 0x00, 0xcc, 0x00, 0x00, 0x00,
0xc4, 0x00, 0x00, 0x00, 0xbc, 0x00, 0x00, 0x00, 0xb4, 0x00, 0x00, 0x00,
0xac, 0x00, 0x00, 0x00, 0xa4, 0x00, 0x00, 0x00, 0x9c, 0x00, 0x00, 0x00,
0x94, 0x00, 0x00, 0x00, 0x8c, 0x00, 0x00, 0x00, 0x6c, 0x00, 0x00, 0x00,
0x04, 0x00, 0x00, 0x00, 0x2a, 0xdd, 0xff, 0xff, 0x04, 0x00, 0x00, 0x00,
0x58, 0x00, 0x00, 0x00, 0x0c, 0x00, 0x00, 0x00, 0x08, 0x00, 0x0e, 0x00,
0x08, 0x00, 0x04, 0x00, 0x08, 0x00, 0x00, 0x00, 0x10, 0x00, 0x00, 0x00,
0x28, 0x00, 0x00, 0x00, 0x00, 0x00, 0x06, 0x00, 0x08, 0x00, 0x04, 0x00,
0x06, 0x00, 0x00, 0x00, 0x04, 0x00, 0x00, 0x00, 0x01, 0x00, 0x00, 0x00,
0xeb, 0x03, 0x00, 0x00, 0x00, 0x00, 0x0a, 0x00, 0x10, 0x00, 0x0c, 0x00,
0x08, 0x00, 0x04, 0x00, 0x0a, 0x00, 0x00, 0x00, 0x01, 0x00, 0x00, 0x00,
0x02, 0x00, 0x00, 0x00, 0x04, 0x00, 0x00, 0x00, 0x06, 0x00, 0x00, 0x00,
0x32, 0x2e, 0x31, 0x35, 0x2e, 0x30, 0x00, 0x00, 0x8e, 0xdd, 0xff, 0xff,
0x04, 0x00, 0x00, 0x00, 0x10, 0x00, 0x00, 0x00, 0x31, 0x2e, 0x31, 0x34,
0x2e, 0x30, 0x00, 0x00, 0x00, 0x00, 0x00, 0x00, 0x00, 0x00, 0x00, 0x00,
0x8c, 0xba, 0xff, 0xff, 0x90, 0xba, 0xff, 0xff, 0x94, 0xba, 0xff, 0xff,
0x98, 0xba, 0xff, 0xff, 0x9c, 0xba, 0xff, 0xff, 0xa0, 0xba, 0xff, 0xff,
0xa4, 0xba, 0xff, 0xff, 0xa8, 0xba, 0xff, 0xff, 0xac, 0xba, 0xff, 0xff,
0xb0, 0xba, 0xff, 0xff, 0xb4, 0xba, 0xff, 0xff, 0xb8, 0xba, 0xff, 0xff,
0xda, 0xdd, 0xff, 0xff, 0x04, 0x00, 0x00, 0x00, 0x90, 0x00, 0x00, 0x00,
0x76, 0xd1, 0xc6, 0xf1, 0x15, 0xf2, 0xdf, 0x1b, 0x7f, 0xef, 0xd3, 0x06,
0xe8, 0x1c, 0x7f, 0xfc, 0x0d, 0x18, 0x3c, 0x2c, 0xcb, 0x29, 0xd1, 0x81,
0xef, 0xdf, 0x09, 0x15, 0xcb, 0xcb, 0xa5, 0xec, 0x81, 0xd9, 0x2d, 0xbe,
0x8d, 0x81, 0x24, 0xa2, 0x70, 0xd3, 0x74, 0x7b, 0x28, 0x2a, 0x0c, 0xa0,
0x07, 0x48, 0xbb, 0x29, 0xe7, 0x7f, 0x43, 0x2d, 0x81, 0xff, 0x4e, 0xff,
0xe5, 0xf7, 0x6a, 0xe4, 0xf2, 0x1b, 0xf9, 0x0a, 0x10, 0x81, 0xc1, 0xbe,
0x11, 0x7b, 0x81, 0xcf, 0x6f, 0xfb, 0xc0, 0x21, 0x12, 0x16, 0xdc, 0x64,
0xf7, 0x12, 0x7f, 0x45, 0xbe, 0xfb, 0xda, 0x21, 0x19, 0x81, 0xf4, 0x0c,
0xbb, 0xc3, 0x47, 0x34, 0x43, 0x39, 0xc4, 0xc3, 0x7f, 0x98, 0x2b, 0x99,
0x7f, 0xf0, 0x48, 0x39, 0xf5, 0xe4, 0x3c, 0x06, 0x9c, 0x4d, 0xd9, 0xf7,
0x7f, 0x37, 0xa5, 0x54, 0x04, 0xd5, 0xde, 0xb4, 0x13, 0xb9, 0x0c, 0x7f,
0xa5, 0x67, 0x2f, 0x7f, 0xf5, 0x92, 0x44, 0x1e, 0xf7, 0xbf, 0x1a, 0x3d,
0x76, 0xde, 0xff, 0xff, 0x04, 0x00, 0x00, 0x00, 0x40, 0x00, 0x00, 0x00,
0x3c, 0x01, 0x00, 0x00, 0xbf, 0xff, 0xff, 0xff, 0xe5, 0x02, 0x00, 0x00,
0x1c, 0x10, 0x00, 0x00, 0xd1, 0x02, 0x00, 0x00, 0xd7, 0xf8, 0xff, 0xff,
0x38, 0x03, 0x00, 0x00, 0xde, 0x00, 0x00, 0x00, 0xa5, 0xfd, 0xff, 0xff,
0x7e, 0x01, 0x00, 0x00, 0xc8, 0x03, 0x00, 0x00, 0xd0, 0x01, 0x00, 0x00,
0xe6, 0x04, 0x00, 0x00, 0x3d, 0xfe, 0xff, 0xff, 0xa2, 0x01, 0x00, 0x00,
0x80, 0x00, 0x00, 0x00, 0xc2, 0xde, 0xff, 0xff, 0x04, 0x00, 0x00, 0x00,
0x10, 0x00, 0x00, 0x00, 0xfc, 0xcb, 0x9f, 0x90, 0xb2, 0x7e, 0xfb, 0x8a,
0x7f, 0xd8, 0x94, 0xd0, 0xc2, 0xf9, 0xd9, 0x23, 0xde, 0xde, 0xff, 0xff,
0x04, 0x00, 0x00, 0x00, 0x10, 0x00, 0x00, 0x00, 0x4a, 0x59, 0xf1, 0x80,
0x52, 0x4b, 0x42, 0x18, 0x63, 0x47, 0xee, 0x30, 0x55, 0x5b, 0x32, 0x48,
0xfa, 0xde, 0xff, 0xff, 0x04, 0x00, 0x00, 0x00, 0x90, 0x00, 0x00, 0x00,
0x58, 0xe8, 0x19, 0x26, 0x42, 0xf8, 0x1e, 0x2c, 0xb0, 0x81, 0x81, 0x3c,
0x6a, 0x7f, 0xf1, 0x81, 0x32, 0x62, 0xba, 0xc4, 0x65, 0x48, 0xda, 0x6b,
0x2d, 0xf0, 0xc1, 0x59, 0x5e, 0x4b, 0xb2, 0x9b, 0x7f, 0x7f, 0x99, 0x81,
0x31, 0x09, 0x84, 0xdf, 0xff, 0x62, 0xd1, 0x3e, 0x53, 0x4e, 0x81, 0xd0,
0x95, 0xd9, 0x01, 0x32, 0x7f, 0x33, 0x78, 0x7f, 0x1f, 0x19, 0xc8, 0x1f,
0x75, 0x53, 0xa8, 0x47, 0x34, 0x4b, 0xe4, 0xb9, 0x52, 0x2a, 0x58, 0x60,
0xcf, 0xb9, 0xec, 0x7f, 0x79, 0x0c, 0xc1, 0xf0, 0x66, 0x3a, 0xf1, 0xf0,
0x71, 0x06, 0x81, 0x35, 0xeb, 0xa5, 0x90, 0x71, 0xd0, 0x57, 0xb5, 0x82,
0xb5, 0xf7, 0xe0, 0x6b, 0x75, 0xeb, 0x36, 0x67, 0x7f, 0xc0, 0x8e, 0x52,
0x38, 0x18, 0x88, 0x1e, 0xc3, 0x64, 0x81, 0x37, 0x06, 0x56, 0x17, 0x3b,
0x7d, 0xa8, 0xc9, 0x56, 0x7f, 0xdd, 0xad, 0x6b, 0xaa, 0x4c, 0x96, 0xff,
0xec, 0x7f, 0xeb, 0x27, 0xfa, 0x93, 0xa0, 0x40, 0x2c, 0x5e, 0x8f, 0x4a,
0x96, 0xdf, 0xff, 0xff, 0x04, 0x00, 0x00, 0x00, 0x40, 0x00, 0x00, 0x00,
0xc0, 0x00, 0x00, 0x00, 0xf5, 0x01, 0x00, 0x00, 0x63, 0x00, 0x00, 0x00,
0x07, 0xfe, 0xff, 0xff, 0xe2, 0x00, 0x00, 0x00, 0xc3, 0xff, 0xff, 0xff,
0xbc, 0xff, 0xff, 0xff, 0x07, 0x04, 0x00, 0x00, 0x6d, 0x01, 0x00, 0x00,
0xcf, 0x01, 0x00, 0x00, 0x46, 0xff, 0xff, 0xff, 0x73, 0xff, 0xff, 0xff,
0xd9, 0x02, 0x00, 0x00, 0x7c, 0x00, 0x00, 0x00, 0x72, 0x01, 0x00, 0x00,
0xb6, 0xff, 0xff, 0xff, 0xe2, 0xdf, 0xff, 0xff, 0x04, 0x00, 0x00, 0x00,
0x00, 0x02, 0x00, 0x00, 0x17, 0xd1, 0xe7, 0xc9, 0x94, 0xec, 0x29, 0x81,
0x05, 0x30, 0x1f, 0xf3, 0xfc, 0x29, 0x20, 0x12, 0x52, 0x55, 0xe7, 0x7f,
0x1f, 0x0c, 0xc5, 0x65, 0xda, 0xf9, 0xe7, 0x66, 0x36, 0xd9, 0xe5, 0x03,
0xed, 0xef, 0x81, 0x47, 0x03, 0x14, 0x26, 0xa6, 0xf5, 0xd3, 0xea, 0xfb,
0x0d, 0x72, 0x1e, 0xf8, 0x98, 0x37, 0xe7, 0xd7, 0x6a, 0x36, 0xad, 0x52,
0xe6, 0xff, 0x9d, 0x20, 0x34, 0xcd, 0x81, 0x01, 0xc6, 0x7e, 0x48, 0x39,
0x47, 0x4c, 0xd2, 0xce, 0x1b, 0xcb, 0x1d, 0x81, 0x24, 0x9f, 0xc3, 0xde,
0x7f, 0x24, 0x04, 0xf7, 0x49, 0x24, 0x07, 0x17, 0x11, 0xe7, 0x21, 0xf4,
0xbb, 0x0e, 0x97, 0x59, 0xb1, 0x1a, 0x2e, 0x15, 0x7f, 0x2f, 0xcb, 0xf0,
0x20, 0xb9, 0xa5, 0x13, 0xcb, 0xcf, 0xe3, 0x00, 0x42, 0xfb, 0xd1, 0x83,
0x7f, 0xf5, 0x34, 0x55, 0xfa, 0x31, 0x16, 0xb6, 0xf5, 0xcd, 0x8d, 0x5b,
0xc3, 0x17, 0xa3, 0x7f, 0xbd, 0x4b, 0x2c, 0x1e, 0xf4, 0x2e, 0xb9, 0x68,
0x00, 0xee, 0x9c, 0x1e, 0xed, 0x3a, 0xca, 0x0f, 0xcc, 0x01, 0xed, 0x81,
0x2c, 0x1b, 0x04, 0x24, 0x35, 0xe1, 0x8d, 0x4a, 0x81, 0xd6, 0x47, 0xb9,
0x29, 0xb9, 0xb1, 0xf6, 0x23, 0x29, 0x4a, 0xca, 0x94, 0x37, 0xef, 0x11,
0x7f, 0xd5, 0x40, 0x5d, 0x18, 0x5a, 0x3b, 0x13, 0x54, 0x5b, 0xd2, 0x22,
0xc9, 0xe8, 0xa1, 0x32, 0xe0, 0x17, 0xef, 0x20, 0xf1, 0xac, 0x05, 0x13,
0xf3, 0x52, 0x2f, 0x21, 0xd1, 0x7f, 0xd6, 0x27, 0x4d, 0xfc, 0xff, 0xd5,
0x47, 0x12, 0x36, 0xe7, 0x81, 0x00, 0x31, 0x2a, 0xda, 0xe0, 0xda, 0x9c,
0x21, 0x37, 0x64, 0x06, 0x31, 0x27, 0x7f, 0xf8, 0x5e, 0x49, 0x25, 0xdd,
0x63, 0x34, 0x94, 0xd4, 0xf5, 0x45, 0x7f, 0x72, 0x3f, 0x50, 0x7b, 0x1d,
0x34, 0x28, 0x60, 0x21, 0x59, 0x12, 0xc8, 0x24, 0xeb, 0x33, 0x0d, 0xf0,
0xec, 0x27, 0xd4, 0xe8, 0xcd, 0x1c, 0xbf, 0x3e, 0x81, 0x5d, 0x76, 0xbb,
0xbb, 0x7f, 0x4d, 0xfc, 0x23, 0xfd, 0x81, 0x47, 0x52, 0x13, 0xd6, 0xad,
0x57, 0x0a, 0xc2, 0xbb, 0xee, 0x06, 0x34, 0x05, 0x00, 0x7c, 0x5c, 0xbc,
0x3c, 0x25, 0x20, 0xd6, 0x7f, 0x4d, 0xd4, 0xf0, 0x0a, 0xef, 0xc6, 0x7f,
0x27, 0x22, 0x2e, 0xe9, 0xfd, 0xd4, 0xef, 0x1d, 0xf6, 0x45, 0x1a, 0xe7,
0x0c, 0xcc, 0xfc, 0x26, 0x14, 0x52, 0x14, 0x7f, 0x45, 0x9c, 0xb5, 0x61,
0x10, 0x4a, 0xf3, 0xb7, 0xda, 0x31, 0x32, 0x18, 0x14, 0x61, 0x2b, 0xa3,
0x27, 0xca, 0xc4, 0x81, 0x69, 0x52, 0xee, 0xf8, 0xae, 0xd8, 0xe0, 0xe2,
0xd6, 0xf3, 0x2b, 0x68, 0x29, 0x3f, 0x21, 0x1d, 0x81, 0xb1, 0xfe, 0x42,
0xb8, 0xa2, 0x93, 0xfa, 0xb4, 0x12, 0x8d, 0x26, 0xa5, 0x47, 0xbd, 0x7f,
0x19, 0xee, 0x7a, 0x0f, 0xb6, 0x54, 0xc1, 0xbd, 0x42, 0x0d, 0xcc, 0x7b,
0xea, 0x24, 0xab, 0x31, 0xcd, 0xa3, 0x7f, 0xec, 0x28, 0x7f, 0x07, 0x2c,
0x5b, 0x43, 0xee, 0x51, 0x0a, 0x57, 0xad, 0x25, 0xbb, 0xc6, 0x1f, 0xf5,
0xc1, 0x11, 0xda, 0xe9, 0x81, 0x9e, 0x4b, 0x3b, 0x49, 0x30, 0x25, 0xaf,
0xb4, 0x75, 0x19, 0xd9, 0x7f, 0x45, 0x03, 0x44, 0xb8, 0x30, 0xe7, 0x2b,
0x08, 0xbb, 0xea, 0x30, 0xfe, 0x54, 0xea, 0xc0, 0xb6, 0x41, 0x0f, 0x00,
0x81, 0x58, 0xec, 0xa3, 0x3a, 0x4f, 0x45, 0x8d, 0x1e, 0xed, 0xc6, 0xae,
0xf0, 0xd9, 0x07, 0xcc, 0x12, 0x47, 0x60, 0xad, 0x27, 0x2b, 0x7f, 0xe5,
0x09, 0x11, 0xe1, 0x54, 0x10, 0x11, 0x19, 0x67, 0xb9, 0x13, 0xd9, 0xb0,
0x7f, 0x58, 0x00, 0xc1, 0x41, 0xdf, 0xb8, 0xaf, 0x1f, 0xe0, 0xcd, 0x1e,
0x55, 0xef, 0x7f, 0x9d, 0x59, 0xf9, 0xdb, 0x9f, 0xc8, 0x48, 0xf1, 0xeb,
0xee, 0xe1, 0xff, 0xff, 0x04, 0x00, 0x00, 0x00, 0x80, 0x00, 0x00, 0x00,
0xc2, 0xff, 0xff, 0xff, 0x49, 0x01, 0x00, 0x00, 0xdf, 0xfd, 0xff, 0xff,
0xd0, 0xfd, 0xff, 0xff, 0x7e, 0xfe, 0xff, 0xff, 0x97, 0xff, 0xff, 0xff,
0xd4, 0xfe, 0xff, 0xff, 0x44, 0x00, 0x00, 0x00, 0x1a, 0xfd, 0xff, 0xff,
0x0b, 0x00, 0x00, 0x00, 0x82, 0x04, 0x00, 0x00, 0xc9, 0x00, 0x00, 0x00,
0x88, 0xff, 0xff, 0xff, 0x3c, 0x00, 0x00, 0x00, 0x7d, 0x02, 0x00, 0x00,
0x90, 0xfe, 0xff, 0xff, 0x3e, 0xff, 0xff, 0xff, 0x4d, 0x02, 0x00, 0x00,
0x78, 0x01, 0x00, 0x00, 0x53, 0xff, 0xff, 0xff, 0xce, 0xfe, 0xff, 0xff,
0x62, 0xff, 0xff, 0xff, 0xa7, 0x00, 0x00, 0x00, 0x6c, 0x01, 0x00, 0x00,
0xee, 0xff, 0xff, 0xff, 0x66, 0x03, 0x00, 0x00, 0x75, 0xff, 0xff, 0xff,
0x04, 0xff, 0xff, 0xff, 0x43, 0x00, 0x00, 0x00, 0xba, 0x01, 0x00, 0x00,
0x72, 0x01, 0x00, 0x00, 0x61, 0xff, 0xff, 0xff, 0x7a, 0xe2, 0xff, 0xff,
0x04, 0x00, 0x00, 0x00, 0x20, 0x01, 0x00, 0x00, 0x7e, 0x16, 0xc8, 0x3e,
0x69, 0x7f, 0x46, 0x52, 0xc9, 0x4b, 0x2e, 0x6d, 0x2b, 0x43, 0xf1, 0x81,
0x05, 0x1c, 0x7f, 0x3c, 0x32, 0x26, 0x7f, 0x4d, 0x81, 0x30, 0x7f, 0xc0,
0x7f, 0x4a, 0x61, 0x5f, 0xe1, 0xea, 0x47, 0x5f, 0xd2, 0x52, 0x58, 0x35,
0xe7, 0x29, 0x20, 0x52, 0x1d, 0x78, 0x9e, 0x9f, 0x51, 0x11, 0x15, 0xf5,
0x64, 0xfb, 0x47, 0x32, 0x98, 0x45, 0x6d, 0x6d, 0x68, 0x46, 0x57, 0x24,
0x15, 0xcf, 0x81, 0x5e, 0x81, 0x55, 0x08, 0x47, 0xd3, 0x7f, 0xc7, 0x47,
0x12, 0x5f, 0x81, 0x06, 0x0b, 0x36, 0xef, 0x33, 0x9a, 0x7f, 0x2a, 0x27,
0xe4, 0x33, 0x00, 0x7f, 0x42, 0x17, 0x61, 0x7f, 0x4c, 0xfb, 0xe6, 0x72,
0xe1, 0x2c, 0x52, 0xdb, 0xe6, 0xf8, 0x44, 0x3d, 0x7f, 0x71, 0x13, 0xad,
0xd1, 0x02, 0x1c, 0x7f, 0x02, 0x7b, 0x6e, 0x4e, 0xe5, 0x0d, 0x4f, 0xa4,
0x58, 0xce, 0x0d, 0x37, 0x66, 0x53, 0x6a, 0x24, 0xe8, 0x27, 0x01, 0x10,
0xa9, 0x64, 0xfd, 0x17, 0x04, 0x72, 0x01, 0x00, 0x7f, 0x2c, 0x00, 0x03,
0x25, 0xe5, 0x48, 0x1d, 0xb2, 0xe5, 0x31, 0xea, 0x0f, 0x18, 0x5f, 0x32,
0xe1, 0xa1, 0x9c, 0x53, 0x0e, 0x73, 0x46, 0xdf, 0xef, 0xde, 0xd8, 0xf7,
0xc4, 0x2b, 0xe8, 0x10, 0xee, 0x7f, 0xcb, 0xcf, 0x5b, 0x90, 0x0d, 0x6d,
0xdb, 0x25, 0x0e, 0xdc, 0x45, 0x4c, 0x5d, 0x40, 0x5f, 0xa0, 0xa5, 0x76,
0xd0, 0x77, 0x75, 0xad, 0x96, 0x62, 0x3c, 0x7f, 0x31, 0x7f, 0x2f, 0x65,
0x10, 0x4b, 0xc4, 0x54, 0x01, 0xec, 0x46, 0xc9, 0x9f, 0x97, 0x61, 0x93,
0x26, 0x81, 0xef, 0x55, 0x7f, 0x7f, 0x2e, 0x7f, 0xf2, 0x35, 0x7f, 0x81,
0x81, 0x6a, 0xed, 0x3d, 0x6b, 0x2b, 0x30, 0x25, 0x6b, 0x61, 0xba, 0x10,
0x7f, 0xf9, 0x63, 0x56, 0x93, 0x81, 0x25, 0x09, 0x48, 0xcf, 0x7f, 0x25,
0x56, 0xce, 0xd7, 0x7a, 0x50, 0x70, 0x32, 0xbe, 0x4a, 0x69, 0x81, 0x2b,
0x03, 0x68, 0x69, 0x33, 0xf4, 0x28, 0xdc, 0xf8, 0x5e, 0x86, 0xea, 0x7f,
0xb4, 0x81, 0xd4, 0x22, 0x5f, 0xd2, 0x3f, 0x01, 0xa6, 0xe3, 0xff, 0xff,
0x04, 0x00, 0x00, 0x00, 0x80, 0x00, 0x00, 0x00, 0x38, 0xff, 0xff, 0xff,
0x01, 0x00, 0x00, 0x00, 0xac, 0x02, 0x00, 0x00, 0x43, 0xff, 0xff, 0xff,
0x97, 0x00, 0x00, 0x00, 0x32, 0xfe, 0xff, 0xff, 0x0d, 0xff, 0xff, 0xff,
0xfa, 0xfe, 0xff, 0xff, 0x21, 0x04, 0x00, 0x00, 0xb4, 0x00, 0x00, 0x00,
0x38, 0x00, 0x00, 0x00, 0xcf, 0xfe, 0xff, 0xff, 0x23, 0xff, 0xff, 0xff,
0x3f, 0x00, 0x00, 0x00, 0xb2, 0xff, 0xff, 0xff, 0x50, 0xff, 0xff, 0xff,
0x14, 0xff, 0xff, 0xff, 0x98, 0x00, 0x00, 0x00, 0xa6, 0xff, 0xff, 0xff,
0x52, 0xff, 0xff, 0xff, 0x9f, 0xfe, 0xff, 0xff, 0xfc, 0xff, 0xff, 0xff,
0x20, 0x01, 0x00, 0x00, 0xa2, 0xff, 0xff, 0xff, 0xa6, 0x02, 0x00, 0x00,
0xac, 0x00, 0x00, 0x00, 0x76, 0xff, 0xff, 0xff, 0x02, 0xff, 0xff, 0xff,
0xb4, 0x00, 0x00, 0x00, 0x98, 0xff, 0xff, 0xff, 0x43, 0x01, 0x00, 0x00,
0x4e, 0xff, 0xff, 0xff, 0x32, 0xe4, 0xff, 0xff, 0x04, 0x00, 0x00, 0x00,
0x00, 0x08, 0x00, 0x00, 0x58, 0x7f, 0xe1, 0x04, 0x31, 0xfb, 0x21, 0x1c,
0xd2, 0xeb, 0xee, 0x2c, 0xff, 0x06, 0x7c, 0x39, 0x17, 0xca, 0x66, 0xde,
0xba, 0x4a, 0x19, 0x1f, 0xa2, 0x2f, 0x37, 0x2a, 0x25, 0xf3, 0x15, 0x55,
0x01, 0xe8, 0xd7, 0xfb, 0x1f, 0x29, 0xec, 0x14, 0x0a, 0xe2, 0x0d, 0xd1,
0x4c, 0xe3, 0x3e, 0x62, 0x23, 0xf9, 0xfe, 0x41, 0x20, 0x39, 0xd9, 0x24,
0x83, 0x23, 0x52, 0x09, 0x0b, 0x7f, 0xd2, 0x51, 0x30, 0x10, 0x30, 0x39,
0xb7, 0xc4, 0x89, 0xe9, 0x2d, 0x26, 0xfd, 0xb7, 0x2e, 0xcb, 0xec, 0xdb,
0x0a, 0x56, 0xb8, 0xd4, 0xfd, 0xde, 0xc6, 0x1a, 0x0c, 0x81, 0xf4, 0x15,
0x25, 0x3e, 0x0e, 0xdc, 0xbb, 0x9f, 0x25, 0xfa, 0xac, 0x39, 0xcc, 0xbb,
0x2e, 0x1e, 0x81, 0x2f, 0x3c, 0x4a, 0xfc, 0xe4, 0xd8, 0x0b, 0x97, 0x2a,
0xef, 0xc1, 0xf9, 0xa6, 0x60, 0xb7, 0xe0, 0x27, 0xf5, 0x33, 0x2a, 0x06,
0xdb, 0xcb, 0x18, 0xd1, 0x24, 0x41, 0x1f, 0xf2, 0x17, 0xde, 0x1b, 0x22,
0x06, 0x48, 0xc0, 0xb4, 0x49, 0xd7, 0x81, 0xea, 0x9c, 0x89, 0x37, 0x2d,
0x3f, 0x0d, 0x23, 0xfc, 0x0f, 0xa5, 0x48, 0xf3, 0xac, 0xc8, 0x20, 0xcf,
0x14, 0x40, 0xf1, 0x1f, 0x42, 0x0f, 0xf6, 0xf1, 0x0a, 0xff, 0xa9, 0xd8,
0x02, 0x08, 0x81, 0xbb, 0xbd, 0x04, 0x28, 0x2b, 0xfb, 0x45, 0x0b, 0xc1,
0x35, 0xd2, 0x19, 0xfd, 0xdd, 0x95, 0xe6, 0xd5, 0xf9, 0x1f, 0xf1, 0xd6,
0xe5, 0x2d, 0xa0, 0x3b, 0x21, 0x31, 0xe7, 0xcc, 0xf3, 0xfd, 0x81, 0x02,
0x0c, 0x9a, 0x2c, 0x17, 0x28, 0xd9, 0xe9, 0x17, 0x0b, 0x0d, 0x3e, 0xec,
0xc6, 0x81, 0xeb, 0xe4, 0xbd, 0x0c, 0x16, 0x0f, 0xd6, 0x38, 0xb6, 0xf1,
0x02, 0x3b, 0x0f, 0xf5, 0xe5, 0xf8, 0xb1, 0x08, 0xe9, 0xb7, 0x0b, 0xea,
0x03, 0xee, 0x22, 0x25, 0x1c, 0x3f, 0xf5, 0x1d, 0x5a, 0x20, 0xc5, 0x14,
0x27, 0x4b, 0x36, 0x17, 0xa0, 0xe5, 0x17, 0x20, 0x3b, 0x06, 0x59, 0x48,
0x2d, 0xba, 0x7f, 0x43, 0xb7, 0x2e, 0xf1, 0x31, 0xac, 0x1e, 0xce, 0xbc,
0x08, 0x7a, 0x32, 0x79, 0x06, 0xed, 0xd4, 0x27, 0x2f, 0xde, 0xe3, 0x49,
0xe3, 0x27, 0xc6, 0x35, 0xf2, 0x03, 0x66, 0x0b, 0x69, 0xf1, 0xeb, 0x06,
0xd4, 0x3b, 0x4f, 0x66, 0x81, 0xc0, 0x00, 0x03, 0xc4, 0x79, 0xeb, 0x60,
0x33, 0x6f, 0xb8, 0x0a, 0x5e, 0x21, 0x24, 0xfb, 0x89, 0xb8, 0x76, 0xfd,
0xfc, 0xde, 0x71, 0x4c, 0xd8, 0x1e, 0x79, 0xe2, 0x5e, 0x18, 0xb4, 0x43,
0x81, 0x33, 0x3f, 0x1f, 0x1a, 0xfc, 0xf5, 0x25, 0x0d, 0x93, 0xd0, 0xee,
0x8f, 0x47, 0xfa, 0x2c, 0xf3, 0x09, 0x96, 0x35, 0xd5, 0x47, 0x0f, 0x1d,
0xe8, 0x00, 0x81, 0x33, 0x03, 0xb4, 0x39, 0x2c, 0xf7, 0x06, 0x1f, 0x32,
0xb5, 0x72, 0x11, 0x36, 0x06, 0x08, 0x03, 0x2a, 0x46, 0x20, 0xfd, 0x7f,
0xd3, 0xde, 0x11, 0xf7, 0x63, 0x2a, 0x46, 0x36, 0x17, 0x40, 0x1c, 0xae,
0xb9, 0xdb, 0x24, 0x38, 0xf5, 0xef, 0xd5, 0x3f, 0x1e, 0x5d, 0x22, 0x55,
0xf4, 0x81, 0xe1, 0xbf, 0xab, 0x30, 0xdf, 0x0c, 0xdf, 0x12, 0xad, 0x35,
0x03, 0x27, 0x0b, 0x02, 0xe9, 0x04, 0xb2, 0x0f, 0xd2, 0xe5, 0x1f, 0xe0,
0x47, 0x9a, 0xe9, 0x4d, 0xd4, 0x33, 0xee, 0x09, 0xbf, 0x81, 0x29, 0x2b,
0x25, 0xeb, 0x91, 0x97, 0x2d, 0xfe, 0xc0, 0x18, 0x09, 0xc1, 0x8b, 0x04,
0xe3, 0x22, 0xa2, 0xea, 0xc6, 0xc6, 0x4f, 0xcd, 0x3f, 0x03, 0x32, 0x94,
0x30, 0x92, 0x0b, 0xd0, 0xef, 0x26, 0x1a, 0x3e, 0x61, 0xf9, 0x3c, 0x6f,
0x1c, 0xec, 0x7f, 0x30, 0xd3, 0xcc, 0x39, 0x2e, 0xdf, 0x14, 0xb2, 0xe1,
0xef, 0x4b, 0xc2, 0x12, 0xc3, 0x1f, 0xe7, 0xe3, 0x14, 0xa9, 0x2e, 0x17,
0xe3, 0xba, 0xfa, 0xc8, 0xc3, 0x3c, 0xd8, 0xe3, 0xeb, 0x1f, 0xf0, 0x18,
0xf7, 0x01, 0xa9, 0x9b, 0xda, 0x40, 0x81, 0xb8, 0x9f, 0xf0, 0x33, 0x00,
0xf9, 0x2a, 0x38, 0x96, 0x28, 0xad, 0x48, 0xdc, 0xbe, 0xd8, 0x06, 0x01,
0xcf, 0x14, 0xa6, 0xb4, 0xeb, 0x05, 0x4a, 0x40, 0x18, 0x15, 0x9c, 0xf9,
0xbf, 0x39, 0xf0, 0x2b, 0xae, 0xbe, 0x20, 0x81, 0x55, 0x04, 0xf9, 0x02,
0xfa, 0xed, 0x40, 0xcd, 0x13, 0x0a, 0xcd, 0xd4, 0x2d, 0xfb, 0x1a, 0x0f,
0xf5, 0xd2, 0x16, 0xd4, 0x1c, 0xe5, 0x18, 0x5e, 0x06, 0x33, 0x7f, 0x22,
0x05, 0x51, 0x07, 0x04, 0xd7, 0xfb, 0xf3, 0x13, 0x31, 0x41, 0xdb, 0x51,
0x34, 0x81, 0x0c, 0xfc, 0xbe, 0x31, 0xf8, 0x27, 0xd0, 0x26, 0xb2, 0x33,
0x25, 0x0f, 0x16, 0x00, 0xea, 0xda, 0xf7, 0xf6, 0x30, 0x28, 0xef, 0x26,
0xd2, 0xcc, 0x1e, 0x0b, 0x19, 0x44, 0xf5, 0x31, 0xc2, 0xcc, 0x33, 0xcc,
0xe2, 0x53, 0x03, 0xd0, 0x33, 0x50, 0x26, 0x47, 0x16, 0x64, 0x81, 0x91,
0x1e, 0xf1, 0x91, 0xc3, 0xaa, 0xc7, 0x24, 0xc6, 0x15, 0x16, 0x44, 0xa9,
0xeb, 0x97, 0x2b, 0xef, 0xe9, 0xda, 0x57, 0xec, 0x36, 0x45, 0x30, 0xe9,
0x57, 0xf3, 0x56, 0x32, 0x35, 0x23, 0x97, 0xbe, 0x14, 0x1e, 0x84, 0xc9,
0xd9, 0xfa, 0xd5, 0xee, 0xf2, 0x4e, 0x2f, 0xb9, 0x40, 0x81, 0x15, 0xb4,
0xdd, 0x81, 0xfd, 0xd3, 0xdc, 0x49, 0xea, 0x31, 0x01, 0x1a, 0xb8, 0x2e,
0x21, 0x51, 0x15, 0xcb, 0x24, 0xe0, 0xa0, 0xf1, 0xc3, 0xda, 0xf7, 0x06,
0x4c, 0xae, 0xe7, 0x4b, 0xd6, 0x29, 0x03, 0xd5, 0xf3, 0x5d, 0xa0, 0x10,
0x14, 0xff, 0x21, 0xe9, 0xb6, 0x07, 0xde, 0x24, 0xfa, 0xf0, 0x3f, 0x1c,
0x20, 0xfb, 0x7f, 0xf3, 0x1e, 0x00, 0x01, 0x0f, 0xff, 0xf0, 0x21, 0xc5,
0x0d, 0x17, 0xd3, 0x0f, 0xc9, 0xb0, 0x50, 0xf3, 0x81, 0x19, 0xf7, 0x81,
0xe9, 0x0a, 0x6c, 0x25, 0x52, 0x3c, 0xc8, 0xda, 0xe0, 0x0e, 0xd4, 0x1b,
0x0c, 0xf5, 0xd4, 0x88, 0x19, 0x05, 0x21, 0xc2, 0x42, 0xc0, 0x11, 0xe5,
0x0d, 0x7f, 0xfd, 0x31, 0x48, 0xd7, 0x2f, 0x3d, 0xca, 0xe9, 0x39, 0x32,
0x14, 0xeb, 0x56, 0x1e, 0xf8, 0x28, 0x29, 0x04, 0xdd, 0x44, 0xec, 0xee,
0xa4, 0x39, 0x22, 0x21, 0x03, 0xff, 0xe6, 0x34, 0xf4, 0xb8, 0xd8, 0xcf,
0x81, 0x24, 0xe5, 0x0c, 0xdd, 0x27, 0xcd, 0x23, 0x1a, 0x16, 0x0b, 0x1e,
0x03, 0xec, 0xb7, 0xf8, 0xe0, 0x1c, 0x0d, 0x14, 0x09, 0xca, 0xe3, 0x48,
0xd4, 0x4d, 0xdc, 0x07, 0x24, 0xea, 0xbf, 0xc6, 0xe5, 0x2f, 0x2a, 0x34,
0x08, 0x0a, 0xc8, 0xf2, 0x27, 0xe1, 0x0e, 0x10, 0x0f, 0x1f, 0x7f, 0x08,
0xd5, 0xff, 0x1e, 0x00, 0xb4, 0x0c, 0x22, 0x20, 0xf6, 0x1d, 0x04, 0x46,
0xf5, 0x3c, 0xc4, 0xd9, 0x0b, 0xfd, 0xba, 0xaa, 0x1e, 0xef, 0x09, 0x49,
0xc2, 0x3d, 0xd7, 0xd6, 0xfc, 0x81, 0x3c, 0xf8, 0x33, 0x08, 0xf8, 0xf3,
0x06, 0x08, 0xc1, 0xe6, 0xca, 0x76, 0xf4, 0x06, 0x7f, 0x50, 0xf4, 0x41,
0xdc, 0x05, 0x12, 0x0c, 0xd9, 0x0c, 0x33, 0xf8, 0x2f, 0xf4, 0x1c, 0xd3,
0x36, 0x1f, 0xe8, 0x3c, 0x77, 0x01, 0x21, 0xd1, 0x21, 0xbf, 0x0e, 0x2c,
0x13, 0xd5, 0xcd, 0x17, 0xe4, 0x81, 0x2a, 0x0e, 0xd1, 0x27, 0xfc, 0xfa,
0x19, 0x1f, 0xb8, 0xf5, 0xf1, 0x3e, 0x0d, 0xd8, 0x1b, 0xff, 0xa5, 0x0f,
0xf0, 0xbf, 0x2a, 0xf3, 0x1d, 0x06, 0xf2, 0x34, 0xe8, 0x4a, 0x00, 0xf0,
0xf0, 0x36, 0xdd, 0xe3, 0x14, 0x16, 0xf7, 0xd8, 0xe4, 0x18, 0xfd, 0x07,
0xd2, 0x04, 0x81, 0xc7, 0xf9, 0xac, 0x1f, 0xf9, 0x1d, 0xce, 0xf2, 0x0f,
0x21, 0xf5, 0x00, 0x0f, 0xdf, 0x59, 0xdc, 0x09, 0x11, 0x70, 0xb7, 0x22,
0x7f, 0x2f, 0xfe, 0x5b, 0x00, 0xde, 0x35, 0xe0, 0x22, 0xc9, 0x66, 0x67,
0xff, 0xe7, 0x77, 0x1a, 0xc2, 0x02, 0xd1, 0x30, 0x8d, 0x1a, 0x10, 0x2c,
0x27, 0x11, 0xf0, 0x1a, 0xfa, 0x41, 0xf6, 0xb9, 0xe3, 0x16, 0x09, 0xae,
0xfa, 0xe9, 0x15, 0x52, 0xe6, 0x2c, 0xaa, 0x1c, 0xea, 0x81, 0x37, 0xcd,
0xc0, 0xc0, 0xd5, 0xff, 0xb1, 0x50, 0x2d, 0x36, 0x2b, 0x52, 0xcb, 0x25,
0x06, 0xbb, 0x57, 0x47, 0x2c, 0xfe, 0xd3, 0xf3, 0x3a, 0x16, 0x70, 0x52,
0x05, 0x40, 0x9c, 0xc7, 0xb0, 0xd5, 0x98, 0x0b, 0xbb, 0xf5, 0xfc, 0xc3,
0x0b, 0x30, 0x15, 0xdd, 0x4b, 0x81, 0x54, 0x1c, 0xd5, 0x81, 0x26, 0x0e,
0xd5, 0x3d, 0xb7, 0xf8, 0xda, 0x2e, 0xc2, 0x27, 0x23, 0x16, 0x00, 0xda,
0xd4, 0xf1, 0x9a, 0x3c, 0x1e, 0xc4, 0x0d, 0xdb, 0x5b, 0xe7, 0xd9, 0x13,
0xe2, 0x1f, 0x44, 0xd3, 0x31, 0x6b, 0xe2, 0x0f, 0x44, 0xf1, 0x3b, 0x31,
0xfd, 0x03, 0x4b, 0x03, 0x14, 0xd5, 0x7f, 0x79, 0xcc, 0x00, 0x51, 0xf5,
0xfb, 0x01, 0x2a, 0xe8, 0xee, 0x11, 0xeb, 0x03, 0xfa, 0x20, 0xd8, 0x3a,
0xf2, 0xb4, 0x2f, 0x33, 0xf0, 0x2c, 0xee, 0x9f, 0xfe, 0x55, 0x1f, 0x15,
0xee, 0xe8, 0xec, 0x9e, 0x11, 0xd9, 0x81, 0xdc, 0xc8, 0xcb, 0xd0, 0xd7,
0x10, 0xb1, 0xdf, 0xf3, 0x3f, 0xd3, 0x47, 0xdf, 0xe6, 0x51, 0xed, 0x52,
0x50, 0x02, 0x3b, 0x00, 0x1d, 0x0a, 0x1a, 0xbf, 0x14, 0xb9, 0x20, 0x46,
0xb4, 0xe6, 0x7f, 0x25, 0x18, 0x59, 0xde, 0x01, 0xce, 0x01, 0x27, 0xd9,
0x56, 0xe8, 0xf4, 0x54, 0x15, 0xe5, 0xe6, 0x06, 0xae, 0x23, 0xd6, 0xd3,
0x0c, 0x42, 0x3b, 0x54, 0xf4, 0x01, 0xa7, 0xc1, 0xe0, 0x29, 0xcc, 0xd9,
0x1a, 0x0a, 0xd3, 0xf4, 0x38, 0xfc, 0x06, 0xe2, 0x2a, 0x81, 0x24, 0xc9,
0x14, 0xbc, 0xbe, 0xcb, 0xe0, 0x0d, 0x23, 0x10, 0x94, 0x10, 0x01, 0xf4,
0xf6, 0xf6, 0x7f, 0x39, 0x36, 0x1d, 0x41, 0x57, 0x16, 0xf9, 0xfa, 0x36,
0x8e, 0xa1, 0xf3, 0xd0, 0x12, 0x45, 0xd9, 0x25, 0x18, 0x42, 0xee, 0x0a,
0x02, 0x01, 0x33, 0x5f, 0x8c, 0x1f, 0x5d, 0x29, 0x1a, 0x93, 0x40, 0x6d,
0x48, 0xcf, 0x49, 0xd0, 0x45, 0x7f, 0x0f, 0xb9, 0xc8, 0x6d, 0xb0, 0x43,
0xd3, 0xb5, 0x67, 0x6a, 0xc5, 0x06, 0xcf, 0x09, 0xb6, 0xec, 0x89, 0xcc,
0x1f, 0x10, 0x36, 0xc6, 0xdc, 0x26, 0xf8, 0xc6, 0xd4, 0x3b, 0xa4, 0x01,
0xe1, 0x92, 0xd0, 0x29, 0x3f, 0xce, 0xb6, 0x7f, 0x49, 0xf3, 0x07, 0xae,
0x49, 0xcd, 0xeb, 0xe3, 0xd5, 0x03, 0x2d, 0xea, 0xfb, 0x27, 0xf0, 0x44,
0x55, 0xc7, 0x4d, 0x52, 0xe3, 0xda, 0x7f, 0x59, 0x27, 0x0b, 0xde, 0x4c,
0xf9, 0xfe, 0x18, 0x05, 0xdf, 0x3e, 0x0e, 0x37, 0xfe, 0xc6, 0xd5, 0xec,
0xf5, 0xea, 0x14, 0x11, 0xd6, 0x13, 0xc7, 0x1d, 0xf4, 0x24, 0x51, 0x54,
0x34, 0x0b, 0x7f, 0xfb, 0x36, 0x5d, 0xed, 0x1d, 0xe5, 0xa3, 0xde, 0xd3,
0xe8, 0x10, 0x00, 0x4d, 0x25, 0xb2, 0xe9, 0xfb, 0xef, 0xdb, 0xb2, 0xb5,
0x2d, 0x4f, 0xb5, 0x4a, 0x25, 0x22, 0xc5, 0x81, 0x09, 0xf2, 0xdd, 0xd2,
0xb1, 0x76, 0x35, 0x3a, 0x69, 0x28, 0x34, 0x13, 0xe3, 0xf5, 0xfe, 0xc8,
0x17, 0x51, 0xe8, 0xff, 0x27, 0xe6, 0x3b, 0x03, 0xcb, 0x02, 0x02, 0xfd,
0x02, 0xe9, 0x1d, 0x38, 0xe7, 0x22, 0x7f, 0x39, 0x2a, 0x16, 0x0c, 0xf6,
0x05, 0xf5, 0x33, 0xfb, 0xe4, 0x43, 0xf5, 0x15, 0xae, 0xdd, 0x33, 0xc1,
0xe8, 0x03, 0xa5, 0xe4, 0x0b, 0x19, 0xdd, 0x17, 0xd0, 0x07, 0xa6, 0xea,
0xee, 0x1d, 0x81, 0xef, 0x09, 0xa2, 0x16, 0xef, 0x26, 0xdb, 0x2a, 0x90,
0x29, 0xc5, 0x2c, 0xbb, 0xec, 0x81, 0xd3, 0xe6, 0xde, 0x31, 0x06, 0x3e,
0xed, 0x0d, 0x94, 0x20, 0x06, 0x07, 0x3e, 0xf4, 0x1f, 0xe7, 0x27, 0x27,
0xd1, 0x2c, 0xe2, 0xe9, 0x18, 0xb2, 0x31, 0xeb, 0xd6, 0x6a, 0xdf, 0xeb,
0x4f, 0xd8, 0x12, 0xf3, 0x14, 0x35, 0xe9, 0x4b, 0x0f, 0xc2, 0x32, 0x15,
0x0a, 0x06, 0x2b, 0x3f, 0x16, 0x57, 0x81, 0xa4, 0xf3, 0x41, 0xc8, 0xc8,
0x8d, 0x44, 0xd1, 0xc7, 0xe1, 0x07, 0xb8, 0x0e, 0xdf, 0x8e, 0xdb, 0xe0,
0x9b, 0x0a, 0x1f, 0xfc, 0xe6, 0x05, 0x81, 0x1b, 0xfe, 0x3a, 0xd8, 0x12,
0xe5, 0x16, 0xd1, 0xf3, 0xfd, 0xe5, 0x0b, 0xf7, 0x20, 0xbe, 0xe7, 0x06,
0x14, 0x23, 0x21, 0xf0, 0x19, 0xbc, 0xfe, 0xf0, 0x0d, 0xa6, 0xea, 0xa3,
0xde, 0x20, 0x88, 0xff, 0xe2, 0xcd, 0xa7, 0x9b, 0x1e, 0x50, 0xbd, 0xf2,
0x81, 0x00, 0x39, 0x33, 0x50, 0xba, 0x35, 0xe7, 0x0b, 0xdf, 0x2e, 0xc6,
0x2a, 0x5c, 0xbb, 0x11, 0x3e, 0x09, 0x06, 0x0b, 0x2f, 0x10, 0x21, 0xe3,
0x2e, 0xc0, 0x6d, 0x76, 0xf5, 0x33, 0x7f, 0xd2, 0xff, 0xe7, 0x10, 0xd4,
0x90, 0xea, 0x40, 0xd8, 0xe0, 0xf8, 0x30, 0x32, 0xea, 0xe9, 0x2f, 0x15,
0xf8, 0x31, 0xb0, 0x9d, 0xef, 0x4a, 0x41, 0x46, 0x31, 0x4f, 0x95, 0xf8,
0x87, 0xb4, 0x8a, 0x3e, 0xcd, 0x43, 0xdc, 0x83, 0x7c, 0xd3, 0x4e, 0xf8,
0x5a, 0x81, 0x14, 0xdf, 0xde, 0x3b, 0xe6, 0xc1, 0x3d, 0xd7, 0xc7, 0x81,
0xea, 0x27, 0xb5, 0x08, 0x10, 0x1e, 0xda, 0xe5, 0x24, 0xab, 0x78, 0xdf,
0x11, 0x20, 0x1f, 0x05, 0xcd, 0xde, 0xd3, 0xf6, 0x09, 0x7a, 0xd6, 0xf8,
0x18, 0x4b, 0x19, 0x09, 0x33, 0x16, 0x1a, 0x15, 0x0d, 0xd5, 0x3b, 0xfd,
0x33, 0xf1, 0x49, 0x4a, 0x10, 0xe6, 0x7f, 0x1a, 0x25, 0x34, 0x01, 0xec,
0xed, 0xec, 0xef, 0x13, 0x2d, 0x09, 0xd8, 0x0c, 0x0c, 0x7f, 0xbd, 0x28,
0x0b, 0x0c, 0x37, 0x20, 0xac, 0xe5, 0x39, 0x2f, 0x21, 0xbb, 0x14, 0x66,
0xd7, 0x18, 0x62, 0x3f, 0x2c, 0xfd, 0x15, 0x1a, 0xa6, 0x20, 0x4b, 0x38,
0xd0, 0xe3, 0xe5, 0x5d, 0xfb, 0x4c, 0xad, 0xc8, 0x71, 0x45, 0x1c, 0x73,
0xdc, 0x30, 0x13, 0x16, 0xd4, 0xa1, 0x68, 0x7f, 0x18, 0xfa, 0x57, 0x2c,
0x2c, 0xf5, 0xd3, 0x31, 0xb9, 0x3d, 0x49, 0xff, 0x02, 0x41, 0xb4, 0xf5,
0x99, 0xaa, 0x17, 0x10, 0x3f, 0x5d, 0xd6, 0xc4, 0x14, 0x0b, 0x11, 0xf0,
0x2f, 0xdf, 0x9c, 0x06, 0x0a, 0x22, 0xaf, 0xb5, 0xb9, 0xf8, 0x43, 0xc4,
0x68, 0xc8, 0x22, 0xcf, 0x4c, 0x81, 0x2c, 0x06, 0x28, 0x7f, 0xb3, 0x3c,
0x27, 0xe2, 0x23, 0x5f, 0xd6, 0xd1, 0xff, 0xe4, 0x28, 0xfd, 0x75, 0x43,
0x0e, 0xdb, 0x3f, 0x0f, 0xea, 0x0e, 0xd0, 0x20, 0x96, 0x4a, 0x27, 0x10,
0x10, 0x17, 0x39, 0x38, 0xc9, 0x81, 0x31, 0x45, 0x9a, 0xe0, 0x02, 0xd1,
0xef, 0x0f, 0x8e, 0x34, 0xf7, 0x56, 0xb7, 0x05, 0xcc, 0x3c, 0xa8, 0x19,
0x29, 0xfc, 0x10, 0xa6, 0x72, 0x99, 0x12, 0x3d, 0x32, 0x3f, 0xea, 0xf0,
0x2c, 0x2d, 0xcd, 0x17, 0x05, 0x37, 0x37, 0x38, 0xde, 0xe7, 0xff, 0x1a,
0x37, 0xd3, 0x15, 0x7f, 0x20, 0x22, 0x71, 0x1e, 0x2a, 0x3f, 0x2d, 0xe2,
0xd8, 0xcd, 0xce, 0xc5, 0x15, 0x0d, 0x2f, 0x3a, 0xb7, 0xe5, 0xfe, 0x30,
0x96, 0xf0, 0xba, 0xc7, 0x46, 0xe3, 0xaa, 0x81, 0xf9, 0xaf, 0xa6, 0xfc,
0xe1, 0x4b, 0xc5, 0x4c, 0x2e, 0x0e, 0xa7, 0xca, 0x5f, 0xaf, 0xcb, 0xa2,
0xf9, 0x8d, 0x44, 0xb6, 0x0d, 0x70, 0xdc, 0xfb, 0x4b, 0x1d, 0x0c, 0xf3,
0xef, 0x11, 0x46, 0xe8, 0x3c, 0xe6, 0x7f, 0x76, 0x13, 0xfa, 0x3d, 0x30,
0xf8, 0x00, 0xd0, 0x1b, 0x04, 0xee, 0x42, 0x42, 0xee, 0x00, 0xdb, 0x45,
0x3e, 0xec, 0xff, 0xff, 0x04, 0x00, 0x00, 0x00, 0x00, 0x01, 0x00, 0x00,
0x87, 0xff, 0xff, 0xff, 0x72, 0xff, 0xff, 0xff, 0xd2, 0x01, 0x00, 0x00,
0x35, 0x00, 0x00, 0x00, 0xe0, 0x01, 0x00, 0x00, 0x0b, 0x01, 0x00, 0x00,
0x59, 0x01, 0x00, 0x00, 0x7d, 0x00, 0x00, 0x00, 0xe5, 0xfe, 0xff, 0xff,
0xf2, 0x00, 0x00, 0x00, 0x28, 0xfe, 0xff, 0xff, 0xe9, 0xff, 0xff, 0xff,
0xf6, 0xfe, 0xff, 0xff, 0x30, 0x00, 0x00, 0x00, 0xed, 0x01, 0x00, 0x00,
0x12, 0xff, 0xff, 0xff, 0xf1, 0x00, 0x00, 0x00, 0x21, 0x00, 0x00, 0x00,
0x49, 0xff, 0xff, 0xff, 0xea, 0xff, 0xff, 0xff, 0x44, 0x01, 0x00, 0x00,
0x30, 0x01, 0x00, 0x00, 0xd9, 0x00, 0x00, 0x00, 0x98, 0xff, 0xff, 0xff,
0xb0, 0x00, 0x00, 0x00, 0x41, 0xff, 0xff, 0xff, 0xb2, 0xff, 0xff, 0xff,
0x20, 0xff, 0xff, 0xff, 0xb2, 0xfe, 0xff, 0xff, 0x16, 0x00, 0x00, 0x00,
0xbd, 0x00, 0x00, 0x00, 0x4b, 0xff, 0xff, 0xff, 0xed, 0xfe, 0xff, 0xff,
0x56, 0xfe, 0xff, 0xff, 0x9f, 0x00, 0x00, 0x00, 0x3c, 0x01, 0x00, 0x00,
0xa8, 0xff, 0xff, 0xff, 0x2a, 0x00, 0x00, 0x00, 0x7e, 0xff, 0xff, 0xff,
0x07, 0x00, 0x00, 0x00, 0x21, 0xff, 0xff, 0xff, 0x1d, 0xfe, 0xff, 0xff,
0xf4, 0x00, 0x00, 0x00, 0x03, 0xff, 0xff, 0xff, 0x84, 0xff, 0xff, 0xff,
0x9d, 0x00, 0x00, 0x00, 0x80, 0xff, 0xff, 0xff, 0x4a, 0x01, 0x00, 0x00,
0xf7, 0xff, 0xff, 0xff, 0x73, 0xff, 0xff, 0xff, 0x18, 0x00, 0x00, 0x00,
0x12, 0x01, 0x00, 0x00, 0xe1, 0xff, 0xff, 0xff, 0x9b, 0x00, 0x00, 0x00,
0x9f, 0xff, 0xff, 0xff, 0xc8, 0xff, 0xff, 0xff, 0x25, 0xff, 0xff, 0xff,
0x1d, 0xff, 0xff, 0xff, 0x17, 0x01, 0x00, 0x00, 0x58, 0xfe, 0xff, 0xff,
0xcc, 0xff, 0xff, 0xff, 0x34, 0xff, 0xff, 0xff, 0xd7, 0x00, 0x00, 0x00,
0xd1, 0xff, 0xff, 0xff, 0x4a, 0xed, 0xff, 0xff, 0x04, 0x00, 0x00, 0x00,
0x00, 0x10, 0x00, 0x00, 0x06, 0x02, 0x2a, 0x16, 0xdd, 0x18, 0x0a, 0x14,
0x03, 0xc7, 0xe4, 0xde, 0x10, 0xec, 0x1d, 0xe0, 0xea, 0x15, 0xff, 0x0c,
0xfa, 0x1c, 0xeb, 0xda, 0x09, 0xf8, 0xc1, 0xf6, 0xeb, 0x15, 0xdc, 0xda,
0xe0, 0x0d, 0x1f, 0x0f, 0xd4, 0x22, 0x15, 0x24, 0x00, 0xf3, 0x27, 0x03,
0xea, 0xdd, 0xf2, 0xfc, 0xe9, 0xdd, 0xe1, 0x1a, 0xff, 0xf4, 0xd4, 0xd3,
0xd7, 0xca, 0xe8, 0xda, 0x05, 0x0b, 0x2e, 0xe0, 0xed, 0xe3, 0xe1, 0x06,
0x0f, 0x0f, 0x02, 0xdf, 0xe3, 0xea, 0xf3, 0x0d, 0xe7, 0xf6, 0xf2, 0x0f,
0xea, 0x11, 0xf9, 0x1a, 0x01, 0xde, 0xea, 0x17, 0x05, 0xe0, 0x02, 0xfd,
0x03, 0x06, 0x0c, 0x0b, 0xe3, 0x06, 0xee, 0xf6, 0x08, 0xe5, 0xdf, 0xeb,
0xff, 0xf0, 0x13, 0xe6, 0x03, 0x0d, 0x11, 0x01, 0xfb, 0x13, 0xdb, 0x02,
0xfc, 0xe8, 0xea, 0x0e, 0x01, 0x19, 0xef, 0xff, 0xe0, 0x18, 0xfc, 0xf7,
0xf4, 0xe5, 0xee, 0x2b, 0x22, 0x22, 0x1a, 0xff, 0xfd, 0xde, 0xd9, 0xf8,
0x18, 0x28, 0x0a, 0xd0, 0x1f, 0xf7, 0xf3, 0x09, 0x24, 0x0b, 0x32, 0xf7,
0x2c, 0xe4, 0x03, 0xf5, 0xe3, 0x06, 0x1f, 0xec, 0xd7, 0xe1, 0xff, 0x05,
0xe2, 0xf9, 0x12, 0x1a, 0xd0, 0xfe, 0x12, 0xde, 0xcf, 0x1b, 0xe8, 0x12,
0x06, 0x05, 0xfe, 0x20, 0x0c, 0x0d, 0xfd, 0xe5, 0xd9, 0xd3, 0x03, 0xfd,
0x1f, 0xed, 0x13, 0xeb, 0x02, 0xe2, 0xef, 0x15, 0x0a, 0x1b, 0xf9, 0xe7,
0xed, 0x16, 0xfc, 0xfa, 0xe4, 0xfe, 0xfe, 0xe6, 0xe7, 0x19, 0xf4, 0x0e,
0xed, 0xee, 0xf1, 0x0b, 0xe4, 0xeb, 0x01, 0x06, 0xe7, 0x02, 0x12, 0x0b,
0xf2, 0x17, 0xf4, 0xf2, 0xf9, 0xf3, 0x17, 0x12, 0x1c, 0xfc, 0x16, 0x02,
0xfa, 0xe3, 0xef, 0x0b, 0x06, 0xf1, 0xf4, 0xdf, 0x09, 0xe9, 0x0b, 0xe8,
0xfc, 0xfe, 0xf3, 0xf2, 0x04, 0x0c, 0xe8, 0xfb, 0x18, 0xec, 0x0c, 0x11,
0xfa, 0x2a, 0x36, 0x19, 0x16, 0xde, 0xe3, 0x0d, 0x0f, 0x18, 0xf3, 0x06,
0x21, 0x1e, 0xd8, 0x08, 0x02, 0x1f, 0x21, 0xec, 0x33, 0x07, 0xfb, 0x02,
0xe9, 0xe7, 0x20, 0x04, 0x08, 0x0c, 0x10, 0x0c, 0xdf, 0x21, 0x16, 0x15,
0x02, 0xda, 0x02, 0xfb, 0x11, 0xfc, 0xca, 0x02, 0x0f, 0x05, 0x11, 0xf7,
0xfa, 0x29, 0xef, 0xfc, 0xda, 0xd1, 0x10, 0xec, 0xfc, 0x14, 0x29, 0xe7,
0x00, 0x10, 0x36, 0x26, 0x1e, 0x0a, 0x0f, 0x28, 0xfd, 0x17, 0xea, 0x1d,
0x0b, 0x2c, 0xf2, 0xe6, 0x12, 0xe2, 0xf1, 0x02, 0x10, 0x09, 0x2d, 0x10,
0xd3, 0xff, 0x2a, 0xfa, 0xcf, 0x00, 0x23, 0xb6, 0xe5, 0xd5, 0xef, 0x0d,
0xff, 0xe8, 0xfe, 0xfa, 0xfd, 0x03, 0xf4, 0xfb, 0x13, 0x1d, 0xec, 0xf1,
0x18, 0xf8, 0x0b, 0x28, 0xed, 0xf2, 0xf8, 0x10, 0xf6, 0xe2, 0x12, 0x11,
0xef, 0xf9, 0x1e, 0xf4, 0x19, 0xe6, 0x18, 0x2f, 0xfa, 0x2c, 0x1b, 0x0b,
0xf0, 0xfb, 0xea, 0xfd, 0xeb, 0x0b, 0x27, 0x0d, 0x03, 0x1a, 0xdb, 0x02,
0x34, 0x09, 0x28, 0xd6, 0x0e, 0x15, 0x01, 0xe3, 0x0b, 0x03, 0x04, 0x02,
0xde, 0x0e, 0x02, 0x22, 0xdc, 0x1e, 0xf5, 0x06, 0xea, 0xd6, 0x05, 0xd1,
0xf1, 0x02, 0xda, 0x31, 0x14, 0x19, 0xf7, 0x2c, 0x15, 0x27, 0x01, 0xde,
0xe4, 0xcc, 0x02, 0xf9, 0x2b, 0x05, 0x1f, 0xe5, 0x18, 0x1a, 0xef, 0x18,
0xf4, 0xea, 0xf7, 0xf9, 0xe8, 0xf3, 0xe7, 0xf7, 0x11, 0x04, 0x0b, 0xf8,
0x19, 0xe7, 0x06, 0x18, 0xed, 0x05, 0xef, 0xe8, 0xee, 0xde, 0x06, 0x0e,
0x1a, 0xff, 0xe5, 0xf1, 0x0e, 0xe2, 0xe3, 0xf2, 0xed, 0x0e, 0xeb, 0x16,
0xe0, 0xe3, 0xde, 0xdf, 0x0f, 0xe8, 0x0b, 0x02, 0xe6, 0xec, 0x05, 0x0c,
0xfb, 0x0e, 0x15, 0x18, 0xfd, 0xe7, 0xe6, 0x01, 0x07, 0x1a, 0xf4, 0x03,
0xfd, 0xf8, 0xd4, 0x2e, 0x23, 0x29, 0x0e, 0x0f, 0x10, 0xec, 0xd5, 0x25,
0xf7, 0x04, 0x1a, 0xe9, 0x0f, 0x1c, 0xf4, 0x15, 0x1f, 0x05, 0x32, 0x04,
0x0d, 0xd1, 0xfd, 0xe4, 0x0d, 0xd9, 0xf9, 0xda, 0xf2, 0x17, 0x1e, 0x1d,
0xe7, 0xeb, 0xc6, 0xfb, 0xd2, 0xf2, 0x15, 0xe4, 0xf5, 0x1e, 0xe5, 0x17,
0x00, 0x0c, 0x1d, 0xfa, 0xdd, 0x10, 0x14, 0xf4, 0xd8, 0xee, 0x06, 0xdb,
0xf2, 0x09, 0xea, 0xea, 0x07, 0x07, 0xf9, 0x08, 0x0b, 0x02, 0x00, 0xf2,
0xd6, 0x2f, 0xee, 0x1b, 0xd8, 0x17, 0x20, 0x00, 0x2c, 0x0d, 0xfa, 0xda,
0x1f, 0x0a, 0xf9, 0xe1, 0xf4, 0xc7, 0xd0, 0xee, 0xdd, 0xd1, 0x11, 0xd5,
0xf9, 0xf0, 0x0c, 0x12, 0xba, 0xd3, 0xc6, 0x0f, 0x04, 0xf0, 0x06, 0x03,
0x03, 0x1a, 0xdc, 0x23, 0xe3, 0x05, 0xfe, 0x2e, 0xce, 0xf4, 0x27, 0xd6,
0x06, 0x12, 0x03, 0xef, 0x0d, 0xdf, 0xf5, 0x01, 0xfa, 0xe7, 0xe8, 0xd8,
0x09, 0x23, 0xd0, 0xd3, 0x16, 0x15, 0xf9, 0xd8, 0xee, 0x96, 0x12, 0x42,
0x20, 0x24, 0x14, 0xde, 0x36, 0x26, 0xdf, 0x16, 0x21, 0x1d, 0xa0, 0xe4,
0x47, 0xef, 0x03, 0x4c, 0x08, 0x2f, 0x15, 0xd8, 0x18, 0xfe, 0x14, 0x25,
0x15, 0xf3, 0xee, 0xf4, 0x0e, 0xff, 0xed, 0x1a, 0xe0, 0x02, 0xc8, 0x16,
0x1b, 0x20, 0x46, 0xe9, 0x0e, 0x13, 0x14, 0xee, 0xeb, 0xf6, 0xf5, 0x0b,
0x1a, 0xf3, 0x18, 0x19, 0xfb, 0xfc, 0x21, 0x04, 0xef, 0xfe, 0xd5, 0x0e,
0xfd, 0x06, 0x29, 0xeb, 0x28, 0x18, 0xec, 0xe8, 0x01, 0x05, 0xfc, 0xec,
0x22, 0xdf, 0x03, 0x19, 0xf0, 0xea, 0xfc, 0xd6, 0xed, 0x1a, 0xf5, 0x2c,
0xda, 0x16, 0x13, 0x04, 0x0d, 0xd9, 0x0b, 0xdc, 0xde, 0x16, 0xe7, 0x20,
0x0c, 0xe0, 0xfa, 0x24, 0x12, 0x24, 0x05, 0xe9, 0xf4, 0xd6, 0x04, 0xe2,
0xfa, 0xea, 0x0c, 0xf1, 0xe6, 0x16, 0x24, 0x05, 0x01, 0xfa, 0x0f, 0x1e,
0x04, 0x12, 0xfe, 0x0b, 0x0b, 0x2b, 0xee, 0xc0, 0xf4, 0xdc, 0xf2, 0x08,
0xda, 0xe5, 0x12, 0xf1, 0xe8, 0x0a, 0x79, 0xfb, 0xca, 0xfc, 0x1a, 0xa4,
0x03, 0xe5, 0xd1, 0x00, 0x0e, 0xfc, 0xe0, 0xeb, 0xea, 0x15, 0x2d, 0x0b,
0xf6, 0x0d, 0xf6, 0xfc, 0x27, 0xfc, 0x29, 0x06, 0xef, 0xf0, 0xe3, 0x1c,
0x04, 0xe8, 0xed, 0x01, 0x02, 0x17, 0x23, 0x1b, 0xe4, 0xff, 0xf3, 0xed,
0x09, 0xe5, 0x11, 0x07, 0xee, 0xe7, 0xff, 0xee, 0xf5, 0x1a, 0x19, 0x02,
0xe3, 0xed, 0x08, 0xff, 0xed, 0x19, 0xf2, 0xe5, 0x1b, 0xfa, 0xfb, 0xef,
0x11, 0xec, 0x12, 0x0b, 0xe9, 0x00, 0xf7, 0xed, 0xfa, 0xe2, 0x19, 0xe6,
0x0b, 0xeb, 0xf2, 0x1d, 0x0b, 0xe7, 0x0c, 0xe9, 0xee, 0xfe, 0x01, 0xeb,
0x11, 0x15, 0x1b, 0x1d, 0x1c, 0xe8, 0x1a, 0x11, 0xef, 0x07, 0x10, 0xeb,
0x09, 0x1a, 0xc8, 0xaf, 0xfb, 0x27, 0xc7, 0xbb, 0xf2, 0x0a, 0xf6, 0xf0,
0x01, 0x9c, 0xe7, 0x4d, 0x11, 0x1a, 0x22, 0xe7, 0x30, 0x27, 0xce, 0x05,
0x09, 0xf9, 0x81, 0x04, 0x50, 0x11, 0xe6, 0x78, 0x11, 0x36, 0x22, 0xc6,
0x2e, 0x14, 0x04, 0x0b, 0xf3, 0xff, 0xd0, 0xe4, 0x08, 0x23, 0xef, 0x11,
0xf2, 0x19, 0xb2, 0x21, 0x08, 0x19, 0x2a, 0x33, 0xf1, 0x15, 0xf3, 0x1d,
0xd5, 0x09, 0xf5, 0xf9, 0xf0, 0xee, 0x0a, 0xee, 0xe1, 0x0e, 0x1a, 0x16,
0xf7, 0xeb, 0xed, 0xf7, 0xe3, 0x04, 0xf0, 0x04, 0xf0, 0xf9, 0xea, 0xe5,
0x03, 0xfa, 0x08, 0x09, 0xef, 0xf8, 0x1c, 0xe1, 0x18, 0x18, 0x16, 0xf9,
0xe0, 0xf0, 0xe1, 0x01, 0x15, 0x1b, 0xf8, 0xff, 0x19, 0x19, 0x17, 0xe4,
0x0c, 0x11, 0xfa, 0x10, 0xfb, 0x0f, 0x04, 0x15, 0xe3, 0x12, 0x0b, 0xfd,
0xf2, 0xf1, 0x04, 0x17, 0x11, 0xf3, 0xf8, 0xfc, 0x1a, 0xdd, 0x13, 0x0c,
0xf9, 0xfa, 0x06, 0x24, 0x02, 0x0b, 0xf6, 0xf1, 0x27, 0x28, 0x1d, 0xe6,
0xf6, 0xff, 0xfd, 0x02, 0x0f, 0x25, 0x29, 0xc8, 0x18, 0xf0, 0x0e, 0x02,
0xea, 0x24, 0xfd, 0x00, 0x0b, 0x11, 0x14, 0x33, 0xcc, 0x11, 0xfa, 0x10,
0xf2, 0xf5, 0xee, 0xe8, 0xd1, 0xfc, 0xc6, 0x24, 0x0e, 0x09, 0xf4, 0xfc,
0x17, 0x17, 0xc9, 0xe0, 0xec, 0xc7, 0x0b, 0x0c, 0x07, 0xf8, 0x01, 0xee,
0xfe, 0x05, 0x31, 0x3b, 0x05, 0x08, 0x12, 0x1f, 0xfb, 0x20, 0xe0, 0x03,
0x08, 0x32, 0xfd, 0xab, 0xe9, 0xf2, 0x17, 0x17, 0xf2, 0xd3, 0x25, 0x08,
0xc6, 0xfa, 0x64, 0x22, 0xad, 0x06, 0x2f, 0xa1, 0x00, 0xd2, 0xdd, 0x17,
0xf8, 0x03, 0xdf, 0xd3, 0x16, 0xe1, 0x0f, 0x19, 0x0a, 0xff, 0xfb, 0xf1,
0x23, 0x20, 0x22, 0xfe, 0x04, 0xc7, 0xd2, 0xef, 0x04, 0xf6, 0x02, 0xe3,
0x15, 0xf0, 0xeb, 0x04, 0x2c, 0x1e, 0xe9, 0xd4, 0xea, 0x0f, 0xee, 0xdc,
0x0b, 0x24, 0x03, 0x17, 0x11, 0xf9, 0x0b, 0xe6, 0xfe, 0xdb, 0x06, 0xff,
0xd0, 0xe2, 0x0e, 0x06, 0xd5, 0x29, 0xf6, 0x23, 0x01, 0x0b, 0xfb, 0x00,
0x2e, 0xff, 0x00, 0xd9, 0x2b, 0xe6, 0x0e, 0xea, 0x09, 0x07, 0xff, 0x14,
0xf8, 0xf0, 0x07, 0xe9, 0x05, 0x14, 0xf6, 0x07, 0x0d, 0xf5, 0xf4, 0x24,
0x05, 0x06, 0x02, 0x00, 0xdd, 0x10, 0xe8, 0x02, 0xf9, 0xe2, 0x13, 0x30,
0xfb, 0x20, 0x39, 0x1b, 0x0c, 0xfb, 0xe2, 0xe8, 0x17, 0x16, 0x0e, 0xf5,
0x29, 0x06, 0xe7, 0x09, 0x15, 0x27, 0x14, 0xdb, 0x20, 0xdb, 0x0b, 0x0b,
0xe6, 0x0c, 0x1c, 0x04, 0xe0, 0xfa, 0xfd, 0x13, 0xd9, 0xf7, 0x0b, 0x1d,
0xdd, 0xf9, 0xf3, 0xf3, 0xf4, 0xfa, 0xc7, 0x24, 0xfa, 0x0e, 0x00, 0x2a,
0xe2, 0xf9, 0x05, 0x04, 0xca, 0xe0, 0xf6, 0x01, 0x1d, 0x17, 0x2b, 0x00,
0x08, 0x1f, 0xdd, 0x0b, 0xe9, 0x0b, 0x02, 0xdb, 0xe8, 0x1b, 0xee, 0xfb,
0x1c, 0xff, 0xeb, 0x10, 0x01, 0xd9, 0x07, 0x14, 0xe9, 0xfb, 0x13, 0x17,
0xd8, 0x16, 0x04, 0xf8, 0x32, 0xfd, 0xfe, 0x37, 0x2b, 0x04, 0xdf, 0xf7,
0x39, 0xf1, 0x1b, 0xe5, 0x1a, 0x19, 0xfa, 0x18, 0x1e, 0xff, 0x0b, 0xf2,
0xf6, 0xf5, 0x09, 0xed, 0x15, 0xe6, 0x28, 0x23, 0x01, 0x02, 0xe9, 0x23,
0xec, 0x05, 0xe8, 0x26, 0x08, 0x00, 0x24, 0xf3, 0x0f, 0x05, 0xec, 0xfe,
0x04, 0x01, 0x10, 0x28, 0xf4, 0x2a, 0x08, 0xc4, 0xe6, 0x0f, 0x21, 0x10,
0xce, 0xdd, 0x2b, 0xea, 0xd1, 0xe3, 0x61, 0x1b, 0xa3, 0x06, 0x23, 0x99,
0xe4, 0xf8, 0xda, 0xfb, 0x08, 0x01, 0xfa, 0xcf, 0x0c, 0xf1, 0xec, 0x06,
0x00, 0xe9, 0xe5, 0xe2, 0x22, 0xf4, 0x0f, 0x0e, 0x0a, 0xfa, 0x01, 0x07,
0x19, 0x0f, 0xe6, 0xff, 0xf7, 0x1b, 0xfc, 0xe8, 0xe5, 0xeb, 0xe0, 0x01,
0x14, 0x19, 0xe2, 0x07, 0x11, 0xe6, 0xee, 0x17, 0xeb, 0xf8, 0x1a, 0xdf,
0x06, 0x0b, 0x09, 0x0c, 0xf8, 0x04, 0xed, 0xff, 0xff, 0x15, 0x06, 0xe2,
0xf7, 0x1c, 0xef, 0x09, 0xe7, 0x08, 0x03, 0xec, 0xec, 0x03, 0xf3, 0x1c,
0x06, 0xe1, 0x01, 0xfd, 0x17, 0xf0, 0x02, 0xf2, 0x12, 0xe9, 0x15, 0xe4,
0xdf, 0xf4, 0xfb, 0x0e, 0xf6, 0x05, 0x14, 0x1d, 0x13, 0xde, 0xe6, 0x0a,
0x25, 0x1b, 0x0a, 0xe8, 0x04, 0xf3, 0x0b, 0xed, 0x28, 0x09, 0x24, 0x02,
0xf2, 0xd9, 0xf2, 0x0d, 0xfd, 0xe1, 0x0a, 0x02, 0xef, 0xe3, 0xea, 0x17,
0xe7, 0x05, 0xe0, 0x20, 0x10, 0xf8, 0xe6, 0x3c, 0x1b, 0xf6, 0xeb, 0x0b,
0x32, 0x03, 0x0d, 0xe4, 0x2c, 0x22, 0xec, 0x15, 0x09, 0xe9, 0x18, 0x0a,
0x19, 0x19, 0xfe, 0x0e, 0xfa, 0x05, 0x07, 0x1f, 0x22, 0x07, 0xf9, 0x2e,
0xe2, 0x21, 0x01, 0x16, 0x00, 0xf8, 0x09, 0x22, 0x0b, 0x19, 0x07, 0xf1,
0xee, 0x0c, 0xdc, 0xef, 0x19, 0x23, 0x16, 0xf7, 0x2a, 0x07, 0xc9, 0x19,
0x10, 0x0f, 0x08, 0xde, 0x08, 0x0f, 0x01, 0xe6, 0xf3, 0x0f, 0x25, 0xfc,
0xed, 0x02, 0x03, 0x15, 0xff, 0x16, 0xed, 0x26, 0xd9, 0xdb, 0x1c, 0x14,
0xf8, 0x2d, 0xda, 0xf3, 0xec, 0xe3, 0x21, 0x1f, 0xf6, 0x03, 0xe0, 0xe3,
0xdc, 0x07, 0xfa, 0xe3, 0xe8, 0xf1, 0xfa, 0xf4, 0x1c, 0x18, 0xf5, 0xdc,
0x15, 0xec, 0xfd, 0xd8, 0xff, 0xe6, 0xfa, 0xd9, 0xee, 0xad, 0x13, 0x08,
0x0f, 0x16, 0x17, 0x02, 0x11, 0x13, 0xda, 0x05, 0xdf, 0x19, 0x9d, 0xfd,
0x40, 0x07, 0xea, 0x6b, 0x20, 0x02, 0x15, 0x02, 0x11, 0x0f, 0x0d, 0xe7,
0xe0, 0x23, 0xda, 0xdd, 0x19, 0x0e, 0x1a, 0xf0, 0xd8, 0x06, 0xda, 0xf1,
0x0e, 0x18, 0x20, 0x21, 0x01, 0x03, 0x0d, 0x0b, 0xd0, 0x03, 0xdc, 0x11,
0x08, 0x0e, 0xcc, 0xb3, 0x16, 0x1a, 0xea, 0xda, 0x08, 0xee, 0x12, 0xe9,
0xfe, 0xc6, 0x1b, 0x4b, 0x24, 0x23, 0xee, 0xdb, 0x23, 0x29, 0xd8, 0xf2,
0x0e, 0x0a, 0x91, 0x12, 0x60, 0xe1, 0xe2, 0x71, 0x0c, 0x04, 0x1b, 0xef,
0x19, 0x00, 0x1f, 0x04, 0xe6, 0x14, 0x05, 0xeb, 0xe5, 0x2a, 0x08, 0x0c,
0xe9, 0x11, 0xd4, 0xee, 0xf1, 0x19, 0x20, 0xff, 0xfd, 0x1e, 0x19, 0x17,
0xc9, 0x18, 0x04, 0xf9, 0x1c, 0xe7, 0xef, 0xe8, 0xf3, 0xe1, 0xe8, 0x0b,
0xf8, 0x02, 0xfe, 0xe5, 0xe2, 0x10, 0xe2, 0xee, 0x1b, 0x12, 0x18, 0x19,
0xfc, 0x19, 0xe7, 0x18, 0xe5, 0x02, 0x09, 0xf4, 0x1b, 0xf6, 0xee, 0x07,
0xfd, 0xfa, 0x00, 0xe2, 0xff, 0xf9, 0x0a, 0x11, 0x0a, 0x02, 0xfe, 0xec,
0xec, 0x16, 0xe1, 0xdf, 0x09, 0x08, 0x16, 0xe0, 0xe7, 0x09, 0xf7, 0xf7,
0xf6, 0xf4, 0xfd, 0x09, 0x12, 0x04, 0x1e, 0xe6, 0x0e, 0x08, 0xe6, 0x06,
0xfe, 0x0a, 0xdf, 0x10, 0x0b, 0xed, 0x11, 0xe1, 0xe2, 0x13, 0x08, 0x08,
0x13, 0xfb, 0xf2, 0xe3, 0x04, 0x04, 0x16, 0xf9, 0xfc, 0xf8, 0x0e, 0xf0,
0xe5, 0x07, 0x08, 0xf8, 0xed, 0x0f, 0xdf, 0x0f, 0xec, 0x0a, 0xe8, 0xde,
0x12, 0xf1, 0xf3, 0x17, 0x02, 0xf4, 0xe1, 0x1a, 0x03, 0x08, 0x0e, 0xf8,
0xe4, 0xf3, 0x02, 0xf1, 0x02, 0xf2, 0xe2, 0x07, 0x17, 0xee, 0xf0, 0x0e,
0x08, 0x00, 0x08, 0xea, 0x04, 0xe3, 0xf7, 0x19, 0xfc, 0x12, 0x1c, 0xdf,
0x16, 0x01, 0x08, 0x05, 0xeb, 0x06, 0xe3, 0xe3, 0xf0, 0x1b, 0xe1, 0x09,
0xf1, 0xef, 0xea, 0xfe, 0x02, 0x12, 0xe6, 0xff, 0x15, 0xfc, 0xdf, 0xf0,
0x1c, 0xf2, 0xf5, 0xe6, 0xe2, 0x04, 0x03, 0xe9, 0x0e, 0xec, 0x08, 0xff,
0xdf, 0xfc, 0xf9, 0x0b, 0xfd, 0x0e, 0xef, 0xf0, 0xe3, 0xf0, 0x01, 0xf2,
0xf8, 0x13, 0xef, 0xe5, 0xef, 0xf0, 0x02, 0x03, 0xf4, 0xfb, 0xf4, 0xe7,
0x06, 0xe4, 0xfe, 0xf4, 0x07, 0xfb, 0x06, 0xec, 0x14, 0x19, 0x10, 0x08,
0x08, 0xea, 0x0b, 0xe4, 0xfa, 0xfa, 0x03, 0x15, 0xe9, 0xec, 0xf4, 0xe7,
0xe9, 0x04, 0xee, 0xf5, 0xf2, 0x10, 0xe9, 0xfb, 0x0c, 0xf9, 0xe9, 0xe5,
0x12, 0xe3, 0xe2, 0x11, 0xf7, 0x0a, 0x0d, 0x0c, 0x06, 0xf8, 0x0f, 0x0a,
0x07, 0xf2, 0xf4, 0xf1, 0xf4, 0xed, 0xf4, 0x1e, 0xfb, 0x25, 0xee, 0xd0,
0x02, 0x1e, 0xf9, 0xfe, 0x07, 0x10, 0x23, 0xf0, 0x0a, 0xdb, 0x19, 0x2d,
0x13, 0xec, 0x28, 0x1c, 0xf1, 0xff, 0xe2, 0x18, 0x0d, 0x19, 0xc2, 0xfd,
0x50, 0x0d, 0xe5, 0x59, 0x27, 0x0c, 0x16, 0xe8, 0x21, 0xf2, 0x1e, 0x09,
0x16, 0x0b, 0xee, 0xf1, 0x24, 0xe8, 0x06, 0xe4, 0xf5, 0x18, 0xdb, 0xea,
0x13, 0xe8, 0x0f, 0x3b, 0xef, 0x00, 0x08, 0x1d, 0xfc, 0xf1, 0xe0, 0x2a,
0x22, 0x03, 0xed, 0xda, 0xe5, 0x09, 0xff, 0xf8, 0x2a, 0x14, 0x21, 0x22,
0x05, 0xe3, 0xfb, 0x16, 0xdd, 0xe0, 0x2f, 0x07, 0xde, 0xfc, 0x08, 0x0a,
0xeb, 0x24, 0x02, 0x0a, 0xfa, 0x11, 0x0a, 0x10, 0x36, 0x22, 0xdb, 0xe2,
0x0c, 0x0d, 0x1f, 0xe2, 0x20, 0x26, 0xdb, 0x23, 0x08, 0xf3, 0x2c, 0xed,
0x1d, 0x0c, 0x0d, 0x16, 0xff, 0xdf, 0x11, 0x1d, 0x1f, 0x22, 0xf1, 0x00,
0xdb, 0x14, 0x0b, 0x1b, 0x19, 0xfb, 0x1d, 0xf3, 0xe2, 0xff, 0xeb, 0xf6,
0xec, 0x09, 0xe2, 0xf6, 0xe4, 0xed, 0xea, 0xfa, 0xf9, 0xe9, 0x0b, 0x0d,
0xfc, 0xf6, 0xf5, 0xf1, 0xea, 0xf9, 0x0d, 0xf0, 0x1e, 0x0e, 0x0d, 0x0e,
0xeb, 0x17, 0x1e, 0x0f, 0xe1, 0xf6, 0xef, 0xe5, 0xf0, 0x13, 0x1d, 0xee,
0x0a, 0xe4, 0x06, 0x13, 0x09, 0xef, 0x0f, 0xf8, 0xf8, 0x1e, 0xf7, 0x0c,
0xf0, 0xf5, 0xef, 0x03, 0xfb, 0xfd, 0x1e, 0x0f, 0x1f, 0x0b, 0x0a, 0xde,
0x03, 0xeb, 0xdb, 0x0e, 0x1f, 0x0a, 0x04, 0xfb, 0x1f, 0x08, 0xf7, 0x05,
0x0e, 0xea, 0x1b, 0x09, 0xd5, 0x07, 0xec, 0x23, 0xdf, 0x05, 0xec, 0x16,
0x27, 0x0d, 0xf2, 0x27, 0x1c, 0x14, 0xdb, 0xe9, 0x30, 0xe0, 0xfc, 0xf3,
0x10, 0x01, 0xf5, 0x05, 0x0c, 0x12, 0xff, 0xf3, 0x1e, 0x1f, 0xdc, 0xe6,
0x22, 0xd9, 0x0a, 0x29, 0x09, 0x1d, 0x08, 0x00, 0xf2, 0x1a, 0xd9, 0x34,
0x06, 0x10, 0xdd, 0xd8, 0x0a, 0xf7, 0xf2, 0xce, 0x14, 0x0c, 0x28, 0xf9,
0x09, 0x16, 0x01, 0x08, 0xe7, 0xef, 0xfe, 0xf3, 0xd4, 0xfc, 0xf8, 0xfb,
0xcb, 0x12, 0x1d, 0x19, 0x1e, 0xff, 0x16, 0xe9, 0x1a, 0x0e, 0xe4, 0xdf,
0x38, 0xf1, 0xe7, 0xfb, 0x24, 0x1c, 0x07, 0x03, 0x25, 0x19, 0x2d, 0x0b,
0x30, 0x1d, 0xe9, 0xf0, 0x21, 0xe4, 0xf4, 0x17, 0xfd, 0x02, 0xde, 0xf9,
0xe2, 0x10, 0xde, 0x29, 0xf5, 0x1c, 0xf2, 0x01, 0x39, 0x1b, 0x06, 0x11,
0xeb, 0x20, 0x06, 0x09, 0xf2, 0xf9, 0xf1, 0x07, 0xfb, 0x0e, 0xe8, 0xd1,
0x2c, 0x27, 0xfe, 0x0b, 0x02, 0xd5, 0xc2, 0x00, 0xc5, 0xba, 0x1f, 0xcb,
0xe4, 0xf6, 0xfe, 0x14, 0xb9, 0x00, 0xf4, 0xec, 0xee, 0xe5, 0xec, 0xf3,
0xf9, 0x17, 0xe0, 0x22, 0xc9, 0xe3, 0xe7, 0x11, 0xe5, 0x1c, 0x14, 0xc8,
0x08, 0x01, 0x0f, 0xd0, 0x05, 0xe4, 0xed, 0xe6, 0xe1, 0xf5, 0x16, 0xfb,
0x0c, 0x1d, 0x03, 0xfc, 0xe1, 0x1c, 0xe2, 0xe1, 0xf5, 0xf2, 0x06, 0xcb,
0x23, 0xfa, 0xf2, 0xfe, 0x35, 0x2e, 0x2e, 0xc0, 0x08, 0xf3, 0xec, 0x17,
0xf3, 0x20, 0x29, 0x18, 0xca, 0x06, 0x06, 0x15, 0xea, 0xe8, 0x02, 0x25,
0x09, 0xdb, 0x14, 0xe7, 0xf8, 0x21, 0xca, 0x26, 0xfb, 0xeb, 0x03, 0xfd,
0xf8, 0x1d, 0x0a, 0xd2, 0xf8, 0xfa, 0x1f, 0xf1, 0x28, 0xec, 0x0e, 0xdd,
0xf2, 0xd1, 0x13, 0xf7, 0x11, 0x26, 0x0f, 0x06, 0x00, 0xe7, 0xf3, 0x07,
0xe9, 0x33, 0x0d, 0xf8, 0x1b, 0x1d, 0xd9, 0xfc, 0x0f, 0x1f, 0x14, 0xcf,
0xf9, 0xf5, 0x06, 0x05, 0xe1, 0x0d, 0x02, 0xf6, 0xcb, 0xe7, 0x1e, 0x2e,
0xe3, 0x07, 0xe6, 0x18, 0x01, 0xfa, 0xfd, 0x04, 0xc6, 0x12, 0xc4, 0x22,
0xfb, 0x0a, 0x1b, 0x06, 0x1a, 0x02, 0xf3, 0xf9, 0xda, 0xd1, 0x0f, 0xd6,
0x1b, 0x16, 0x16, 0xef, 0xfb, 0x02, 0x1c, 0xe5, 0xf2, 0xe9, 0xe2, 0xf9,
0x08, 0xf7, 0xe8, 0xf8, 0x0e, 0x0f, 0xff, 0x01, 0xfb, 0xf3, 0xfb, 0xef,
0xe3, 0x09, 0xf9, 0x15, 0xf8, 0xee, 0xea, 0xe4, 0x1f, 0x1c, 0x0d, 0x10,
0xf1, 0x05, 0x01, 0xe1, 0x07, 0xf2, 0xe0, 0xef, 0x08, 0xfd, 0xfc, 0xff,
0xfe, 0xf9, 0x10, 0xf2, 0xf9, 0x13, 0x18, 0x00, 0xe3, 0xe5, 0xe1, 0xf2,
0x04, 0xe4, 0xef, 0xfd, 0x0b, 0xfb, 0x06, 0xf9, 0xf1, 0xfd, 0x16, 0x1b,
0x12, 0xf7, 0x24, 0x21, 0xff, 0xe3, 0x14, 0x01, 0x06, 0x13, 0xf7, 0xf8,
0x15, 0x18, 0x12, 0x05, 0x01, 0x21, 0x20, 0xe6, 0x26, 0x17, 0x06, 0x09,
0x25, 0xf3, 0xe9, 0xfe, 0xee, 0xfc, 0x00, 0x1f, 0xe4, 0x10, 0xf4, 0x3c,
0xe2, 0x1a, 0x06, 0x1b, 0x18, 0x0a, 0xdf, 0x09, 0xe4, 0xfd, 0xf6, 0xf5,
0xe3, 0x1c, 0x1a, 0xfc, 0xfd, 0xf9, 0x28, 0xe0, 0x14, 0xfb, 0x05, 0xf9,
0xf5, 0xf6, 0x1c, 0x2e, 0x2b, 0x25, 0x12, 0xf3, 0xe5, 0xe7, 0xd3, 0xf9,
0x1c, 0xfb, 0x11, 0xf8, 0x2a, 0x0f, 0xd9, 0xeb, 0x07, 0x16, 0x15, 0xeb,
0x1a, 0xdb, 0x09, 0xf5, 0xe2, 0xeb, 0x18, 0xe4, 0x01, 0xf3, 0x26, 0xfd,
0xd4, 0xff, 0xef, 0x2b, 0xfe, 0xeb, 0x16, 0xe4, 0xe6, 0x1d, 0xc6, 0xf9,
0xe6, 0x0d, 0x15, 0x25, 0x04, 0x1a, 0xf7, 0xed, 0xdc, 0xe3, 0x28, 0xde,
0x0f, 0x1b, 0x07, 0xdc, 0x2e, 0x02, 0xe1, 0xfc, 0xe7, 0xe0, 0xde, 0xfa,
0x2c, 0x2e, 0x28, 0xec, 0x0a, 0xe7, 0x05, 0x23, 0xfd, 0x09, 0x2b, 0x22,
0xe1, 0xdf, 0x0a, 0x13, 0xd6, 0x0e, 0xe8, 0x0a, 0x3c, 0x12, 0xfb, 0x3c,
0x1a, 0x1a, 0x06, 0xfd, 0x45, 0xda, 0x0b, 0xdb, 0x09, 0x15, 0xf2, 0xfc,
0x0b, 0x0e, 0x29, 0xf6, 0x17, 0x05, 0x03, 0xeb, 0x11, 0xe0, 0x0a, 0x31,
0x0c, 0x2a, 0x0c, 0x2d, 0xe8, 0x19, 0xfc, 0x2d, 0xfe, 0xde, 0xeb, 0x24,
0xf5, 0x0a, 0x2b, 0x07, 0xe9, 0x0f, 0xe1, 0xec, 0xfe, 0x18, 0xfb, 0xeb,
0x1a, 0x07, 0xce, 0x05, 0x22, 0x14, 0x32, 0x02, 0x04, 0xe5, 0x11, 0xf7,
0xdb, 0x0e, 0x25, 0xe2, 0xf0, 0xf5, 0xf8, 0x12, 0xd4, 0x13, 0xcf, 0x21,
0xf7, 0x03, 0xf9, 0xed, 0xf3, 0x2d, 0xec, 0xf8, 0x03, 0x12, 0xff, 0xf2,
0xdf, 0xf3, 0xed, 0x07, 0xda, 0xe0, 0x20, 0xe3, 0xfd, 0x05, 0xea, 0xff,
0x05, 0xe2, 0x1e, 0x0c, 0xe3, 0xfb, 0x05, 0x06, 0xe7, 0xe5, 0x0a, 0x0d,
0x13, 0xea, 0x10, 0xec, 0xf4, 0x00, 0xf1, 0xfb, 0xfd, 0xe9, 0x1c, 0xf4,
0xed, 0x10, 0x17, 0x1b, 0x1c, 0xf1, 0xfb, 0xff, 0x09, 0x11, 0x01, 0xf1,
0x03, 0xe4, 0x0f, 0xe5, 0x1d, 0x0e, 0x0d, 0xee, 0xf4, 0x09, 0x03, 0xeb,
0xf8, 0xe9, 0x12, 0x09, 0x0c, 0xf5, 0xfa, 0xec, 0xf3, 0x13, 0x05, 0x17,
0xec, 0xe9, 0xf2, 0x14, 0x09, 0xd6, 0x17, 0x06, 0x1e, 0xfd, 0x1f, 0x10,
0xf8, 0x06, 0xc4, 0x1d, 0x21, 0x2d, 0x15, 0x08, 0x1c, 0x18, 0xcb, 0xfb,
0x12, 0x1b, 0x02, 0xf5, 0xf8, 0xf2, 0xff, 0xef, 0xff, 0x15, 0x05, 0x13,
0xf2, 0x06, 0x1e, 0x1b, 0xc0, 0x06, 0x19, 0x05, 0xf1, 0xd3, 0x0b, 0xe6,
0xdb, 0xfc, 0xcd, 0x19, 0xff, 0x13, 0xf9, 0x18, 0x0e, 0x03, 0xeb, 0xf9,
0xff, 0xde, 0x2c, 0xdf, 0xfb, 0x03, 0x25, 0xe1, 0x08, 0xe4, 0x0b, 0x0f,
0xe1, 0xf7, 0xea, 0x14, 0xdc, 0xd2, 0xf3, 0xe8, 0xe9, 0x0e, 0xfb, 0x05,
0xfc, 0x0a, 0x04, 0xec, 0xda, 0xf8, 0xe0, 0x03, 0xe7, 0xe8, 0xcb, 0xfc,
0x0c, 0x17, 0xdd, 0x21, 0xf5, 0x07, 0x1b, 0xe7, 0x10, 0x0b, 0x12, 0xf9,
0xe9, 0xf2, 0x1c, 0x03, 0xea, 0xe8, 0x18, 0x28, 0xf9, 0x08, 0x14, 0x1f,
0xf9, 0x18, 0xee, 0xfd, 0xf9, 0xe8, 0x0e, 0x18, 0x0e, 0x05, 0x22, 0xf6,
0x16, 0xfe, 0x0f, 0x23, 0x22, 0x17, 0x2a, 0xec, 0x00, 0xe8, 0xd5, 0x1a,
0x06, 0x22, 0x02, 0x03, 0x16, 0x25, 0xe4, 0xef, 0x1b, 0xfe, 0x1f, 0xe5,
0xf4, 0xdc, 0xea, 0xea, 0xe8, 0x09, 0x25, 0xe6, 0xef, 0x11, 0x1d, 0x24,
0xe5, 0x11, 0xf3, 0xf5, 0xfb, 0xdd, 0x1f, 0xe7, 0xe3, 0x20, 0xd4, 0x03,
0x0f, 0xf5, 0x12, 0x09, 0xe8, 0x07, 0xed, 0xf9, 0xe0, 0xd8, 0x00, 0xee,
0x1c, 0xed, 0x00, 0xda, 0x1a, 0x13, 0x10, 0x2e, 0xff, 0x00, 0x29, 0x30,
0x0d, 0xf3, 0xf1, 0x0c, 0x11, 0x55, 0x18, 0xa9, 0xe2, 0xe9, 0xe0, 0x0f,
0xeb, 0xca, 0x2d, 0xfb, 0xcf, 0xf7, 0x6b, 0xf4, 0xa5, 0xec, 0x28, 0xa7,
0xe4, 0xef, 0xca, 0x05, 0x0b, 0xfc, 0xfe, 0xfe, 0x0f, 0xd6, 0x3f, 0xf0,
0x1d, 0xfa, 0x16, 0x02, 0x1e, 0xfb, 0x30, 0x05, 0x15, 0xe4, 0xd5, 0xfa,
0x16, 0x13, 0xdd, 0xda, 0xf2, 0xf3, 0x11, 0x0d, 0xfc, 0x24, 0x22, 0xd7,
0x17, 0x11, 0xfa, 0xf4, 0x1e, 0xf7, 0x24, 0x02, 0x03, 0x12, 0x02, 0xc9,
0xdd, 0x00, 0x0b, 0xff, 0xdb, 0x07, 0xf3, 0x17, 0xcc, 0xe9, 0x1d, 0x23,
0xc1, 0x1e, 0x25, 0xff, 0xef, 0xdc, 0x06, 0xf9, 0x01, 0xcf, 0xf4, 0xc9,
0x0c, 0x12, 0xf4, 0x10, 0xed, 0xf4, 0x0e, 0xdb, 0x05, 0xeb, 0xf9, 0x18,
0xee, 0xde, 0x00, 0x28, 0xf3, 0x21, 0x0f, 0x13, 0x0a, 0x05, 0xe0, 0x27,
0x05, 0xe7, 0xd2, 0xcc, 0x1e, 0x03, 0xff, 0xf1, 0xf1, 0x07, 0x11, 0x0a,
0x19, 0xa4, 0xf4, 0x32, 0x16, 0xf9, 0x17, 0x0f, 0x28, 0x27, 0xbb, 0xe4,
0xf0, 0x15, 0x8f, 0x0c, 0x3b, 0xe7, 0xc6, 0x70, 0x25, 0x0a, 0x1e, 0xf3,
0x21, 0xf0, 0x1a, 0x00, 0xff, 0x00, 0xf7, 0xe0, 0xf1, 0x25, 0xfe, 0xd9,
0xf1, 0x13, 0xb3, 0xfe, 0x14, 0x12, 0x40, 0xee, 0x07, 0xf9, 0x23, 0xf3,
0xda, 0xfb, 0x02, 0x09, 0xe8, 0x0f, 0xbb, 0xf4, 0x39, 0x1a, 0x22, 0xd7,
0xc5, 0x32, 0xf5, 0x0a, 0xe7, 0xd3, 0xfb, 0xc9, 0xfe, 0xec, 0xe8, 0xf4,
0x05, 0x20, 0x14, 0xfe, 0x11, 0xda, 0xb6, 0xe1, 0xc2, 0xe0, 0x14, 0xcd,
0xb1, 0x09, 0x0a, 0xf3, 0xdf, 0xd4, 0xad, 0xe4, 0xeb, 0xbc, 0xf2, 0xf7,
0xe2, 0x09, 0xbc, 0x23, 0xdb, 0xdc, 0x0f, 0x41, 0xd9, 0x19, 0x00, 0xef,
0xe4, 0xc4, 0x21, 0xc5, 0xf5, 0xda, 0x10, 0xaf, 0xef, 0xe9, 0xc6, 0x1e,
0x24, 0x32, 0x29, 0x27, 0xf5, 0x17, 0xd4, 0x17, 0x0f, 0x0f, 0x08, 0xe5,
0x13, 0x19, 0xdb, 0xea, 0x36, 0x09, 0x12, 0xf2, 0x09, 0xd7, 0xef, 0x0e,
0xe0, 0x08, 0xff, 0xd7, 0xf7, 0x04, 0x03, 0x19, 0xe1, 0x05, 0xc3, 0x12,
0x04, 0x03, 0xe3, 0x0f, 0x04, 0x0a, 0xec, 0x04, 0xf8, 0xf0, 0x16, 0xe5,
0xf5, 0xf0, 0xfe, 0xde, 0xd7, 0xfa, 0xf8, 0xe9, 0xff, 0x06, 0xe9, 0xd8,
0xfb, 0xef, 0x28, 0x2a, 0xf9, 0xe7, 0x1e, 0x2d, 0x11, 0x15, 0xe3, 0x27,
0x10, 0x29, 0x0e, 0xc8, 0xf8, 0xdb, 0x0c, 0x1a, 0xf8, 0xe2, 0x00, 0x12,
0xeb, 0xf9, 0x55, 0xf5, 0xb4, 0xec, 0x1a, 0xae, 0x0c, 0xf9, 0xde, 0x09,
0x09, 0xe3, 0xf1, 0xf3, 0xee, 0xf3, 0xfd, 0xf1, 0x1e, 0xed, 0xee, 0xf2,
0x09, 0x0d, 0x32, 0x05, 0x13, 0xdf, 0xe7, 0xed, 0xf5, 0x1e, 0xdc, 0x0c,
0xf6, 0x02, 0xf3, 0xe5, 0x07, 0xd7, 0x22, 0x1d, 0x22, 0x0a, 0x2a, 0x1d,
0x0b, 0x16, 0xca, 0x14, 0xe6, 0x32, 0x22, 0xee, 0x12, 0x1f, 0xfb, 0x1c,
0x00, 0x10, 0x18, 0xcb, 0x04, 0xf8, 0x09, 0xfb, 0xe1, 0xe9, 0xfa, 0xec,
0xfb, 0xf4, 0xf4, 0xf8, 0xe8, 0x1f, 0x0d, 0x21, 0xd7, 0xf6, 0xee, 0xd1,
0xdf, 0x0f, 0xc1, 0x21, 0x08, 0xe8, 0x1f, 0x22, 0xf0, 0x18, 0xe6, 0xf3,
0xe2, 0x00, 0x0e, 0xcf, 0x14, 0x00, 0x1c, 0xd5, 0xf6, 0x18, 0xe0, 0xe1,
0xed, 0xe3, 0xf3, 0xe5, 0xf4, 0xea, 0xf0, 0xf2, 0x10, 0xf9, 0xf4, 0xe9,
0xf1, 0xe3, 0xeb, 0x14, 0xf8, 0x15, 0xfd, 0xec, 0xf8, 0xfc, 0x1b, 0x06,
0x0f, 0x07, 0xeb, 0x17, 0xf7, 0x0c, 0xfc, 0xdf, 0xe9, 0xef, 0x15, 0x19,
0x02, 0x04, 0x16, 0x13, 0xfd, 0xfb, 0xe6, 0x03, 0x07, 0xe8, 0x03, 0x17,
0x03, 0x09, 0xfc, 0x17, 0xf3, 0xef, 0xde, 0xea, 0x07, 0xfb, 0xf6, 0x14,
0x19, 0xe3, 0xf2, 0xdd, 0x22, 0x06, 0xdf, 0xe0, 0x02, 0xf3, 0xec, 0xed,
0x10, 0x97, 0x0d, 0x32, 0xfb, 0xf8, 0x00, 0x10, 0x1b, 0x36, 0xbc, 0x08,
0x14, 0x06, 0x92, 0x05, 0x63, 0xdf, 0xc8, 0x7e, 0xf6, 0x16, 0x34, 0xca,
0x08, 0x0f, 0x10, 0x0a, 0x00, 0xf6, 0xd2, 0x17, 0x17, 0x00, 0x01, 0xf5,
0xd3, 0x0f, 0xd8, 0xfb, 0x03, 0x20, 0x1d, 0x02, 0x06, 0x07, 0x24, 0x12,
0xd1, 0x1a, 0x0a, 0x10, 0x19, 0xf3, 0x0e, 0x0b, 0x04, 0x09, 0xef, 0x10,
0x21, 0x24, 0x16, 0x10, 0x0c, 0x13, 0x0c, 0xf3, 0xdf, 0x05, 0x22, 0xf9,
0xfe, 0xf2, 0x13, 0x11, 0x01, 0x00, 0x1d, 0x0f, 0xf4, 0xf3, 0xfa, 0x03,
0xf5, 0xff, 0xe9, 0xe2, 0x1d, 0x0c, 0xe1, 0xf1, 0xfa, 0xf9, 0xee, 0x16,
0xf2, 0xe3, 0xfc, 0x14, 0x31, 0x11, 0xf0, 0xe3, 0x20, 0xeb, 0xfb, 0x12,
0xf6, 0x23, 0x0a, 0xeb, 0xed, 0x18, 0xf5, 0xf7, 0x1f, 0xf9, 0xf5, 0xe9,
0xea, 0xef, 0xe0, 0xee, 0x12, 0x09, 0xfd, 0x0a, 0x1b, 0xf6, 0xfb, 0x28,
0xed, 0x0b, 0x1d, 0x19, 0xec, 0xf5, 0xfd, 0x0f, 0xe6, 0x29, 0x04, 0x0c,
0x21, 0x1f, 0xf8, 0x44, 0x00, 0x0a, 0xf5, 0xf1, 0x21, 0xe6, 0xfb, 0xe9,
0x1d, 0x08, 0xf9, 0x21, 0x26, 0x22, 0x12, 0x07, 0x17, 0xff, 0xd8, 0xfc,
0x01, 0x14, 0x15, 0x2d, 0x08, 0x1f, 0xfc, 0x2c, 0x11, 0x28, 0xdc, 0x15,
0xf8, 0x21, 0x14, 0x3c, 0x12, 0x06, 0x32, 0x49, 0x0a, 0x26, 0xf7, 0x2d,
0xe6, 0x2a, 0xff, 0xaf, 0xe0, 0xf5, 0x18, 0x02, 0xe4, 0xea, 0x2e, 0x0c,
0xf4, 0x03, 0x7e, 0x04, 0xb5, 0xe5, 0x39, 0xad, 0xe6, 0xd8, 0xc5, 0x2e,
0xf5, 0xf8, 0xce, 0xd6, 0x0f, 0x0f, 0x2a, 0xf4, 0x06, 0x10, 0x00, 0xf9,
0x20, 0x04, 0x1c, 0xe9, 0x08, 0xf7, 0xe0, 0xe8, 0xf2, 0xfd, 0xe6, 0xe3,
0xf4, 0x01, 0xe5, 0xeb, 0x14, 0x0c, 0xfb, 0xf4, 0xfd, 0xe4, 0x12, 0xf1,
0xe6, 0x09, 0xf0, 0x17, 0xe8, 0x12, 0xfb, 0xfa, 0xf1, 0xee, 0x09, 0xfc,
0xf2, 0xe0, 0xf4, 0x0a, 0x11, 0xdf, 0x08, 0xf5, 0xf2, 0xfd, 0x10, 0x07,
0x0a, 0x1c, 0xf0, 0xe9, 0x0d, 0x1c, 0xf3, 0xfa, 0xfd, 0xe8, 0xfe, 0xea,
0x0f, 0x10, 0xee, 0x08, 0x1a, 0xf7, 0xf3, 0xe9, 0xe9, 0x18, 0xf2, 0xf7,
0xea, 0x10, 0xe0, 0xde, 0xe4, 0x16, 0xe4, 0xe4, 0x29, 0x0f, 0xeb, 0x09,
0x0c, 0xf3, 0xee, 0xd9, 0x23, 0x0b, 0x1a, 0x15, 0x09, 0xfe, 0xf8, 0xed,
0xf2, 0xf5, 0xff, 0xe2, 0xe8, 0x02, 0xe5, 0x05, 0xde, 0x04, 0x05, 0xfe,
0xfa, 0xea, 0xeb, 0x0c, 0x2f, 0x17, 0xfd, 0xfe, 0x02, 0xfc, 0x20, 0xd0,
0x1b, 0x03, 0xda, 0xf8, 0x26, 0xed, 0xef, 0xe8, 0x2b, 0xe7, 0xf6, 0x25,
0x11, 0x00, 0x1e, 0x04, 0x0c, 0xf6, 0x10, 0x20, 0xdd, 0x25, 0x05, 0xfe,
0xe7, 0xd7, 0x11, 0xf9, 0x18, 0x2c, 0xfe, 0x0f, 0xe7, 0xf9, 0xe8, 0x12,
0xf3, 0x2b, 0x2a, 0xdb, 0x2c, 0x2d, 0xc4, 0xea, 0x30, 0x12, 0x35, 0xf6,
0x0f, 0xfd, 0x1f, 0x05, 0xec, 0x05, 0x1d, 0xf5, 0xc9, 0x0a, 0x1b, 0x2c,
0xf3, 0x1f, 0xea, 0x2d, 0xed, 0x03, 0x24, 0xdb, 0x03, 0x10, 0xf7, 0x06,
0xef, 0xec, 0xf8, 0xfa, 0xfa, 0x12, 0xe3, 0xff, 0xce, 0xea, 0x11, 0xd1,
0xfe, 0x00, 0x30, 0xf2, 0x26, 0xf1, 0x04, 0xdb, 0x0f, 0x0e, 0xd5, 0xe0,
0x02, 0xf2, 0x08, 0xee, 0xf5, 0xe2, 0x03, 0x0e, 0x01, 0xeb, 0x18, 0x00,
0xe2, 0xd7, 0x07, 0x17, 0xe7, 0x14, 0x13, 0x26, 0x2c, 0xf9, 0x05, 0x21,
0x0f, 0xf9, 0xe1, 0xfe, 0x12, 0xd6, 0x16, 0x03, 0x14, 0x12, 0x09, 0x26,
0xf9, 0x10, 0x32, 0x0c, 0x12, 0xfb, 0xfd, 0x11, 0x16, 0xd9, 0x26, 0x3e,
0x19, 0x1a, 0xdd, 0x0d, 0xd9, 0x26, 0xf0, 0x12, 0x56, 0xfd, 0xff, 0xff,
0x04, 0x00, 0x00, 0x00, 0x00, 0x01, 0x00, 0x00, 0x5b, 0xfe, 0xff, 0xff,
0x3e, 0xff, 0xff, 0xff, 0xef, 0x03, 0x00, 0x00, 0xb5, 0xfe, 0xff, 0xff,
0x43, 0x01, 0x00, 0x00, 0x09, 0x03, 0x00, 0x00, 0x63, 0x04, 0x00, 0x00,
0xc1, 0xfe, 0xff, 0xff, 0x19, 0x05, 0x00, 0x00, 0x4b, 0x06, 0x00, 0x00,
0x2c, 0xff, 0xff, 0xff, 0xd5, 0x05, 0x00, 0x00, 0x12, 0x03, 0x00, 0x00,
0x00, 0x00, 0x00, 0x00, 0x28, 0xfd, 0xff, 0xff, 0x53, 0xff, 0xff, 0xff,
0xfc, 0x02, 0x00, 0x00, 0xa8, 0x03, 0x00, 0x00, 0x26, 0x00, 0x00, 0x00,
0x65, 0x02, 0x00, 0x00, 0xb0, 0x00, 0x00, 0x00, 0x92, 0x02, 0x00, 0x00,
0xea, 0xfe, 0xff, 0xff, 0x5c, 0x01, 0x00, 0x00, 0x57, 0x05, 0x00, 0x00,
0x27, 0x00, 0x00, 0x00, 0xda, 0xfe, 0xff, 0xff, 0xff, 0xff, 0xff, 0xff,
0x26, 0xff, 0xff, 0xff, 0xd9, 0xfe, 0xff, 0xff, 0x00, 0x00, 0x00, 0x00,
0x19, 0xff, 0xff, 0xff, 0x9b, 0x01, 0x00, 0x00, 0x00, 0x00, 0x00, 0x00,
0xc1, 0xff, 0xff, 0xff, 0x86, 0xff, 0xff, 0xff, 0xe3, 0x07, 0x00, 0x00,
0x34, 0x06, 0x00, 0x00, 0x27, 0x05, 0x00, 0x00, 0x70, 0xff, 0xff, 0xff,
0x96, 0x00, 0x00, 0x00, 0xed, 0x03, 0x00, 0x00, 0x27, 0x02, 0x00, 0x00,
0x42, 0x05, 0x00, 0x00, 0xaa, 0xff, 0xff, 0xff, 0xa7, 0x03, 0x00, 0x00,
0xa8, 0xfd, 0xff, 0xff, 0x3d, 0x03, 0x00, 0x00, 0xd4, 0x03, 0x00, 0x00,
0x3c, 0x02, 0x00, 0x00, 0xf2, 0xfe, 0xff, 0xff, 0xa3, 0x09, 0x00, 0x00,
0x79, 0x03, 0x00, 0x00, 0x24, 0x02, 0x00, 0x00, 0xa5, 0x01, 0x00, 0x00,
0x5b, 0xff, 0xff, 0xff, 0x16, 0x00, 0x00, 0x00, 0x3b, 0x02, 0x00, 0x00,
0x35, 0x01, 0x00, 0x00, 0x7d, 0x07, 0x00, 0x00, 0x6d, 0xff, 0xff, 0xff,
0xa1, 0x02, 0x00, 0x00, 0x1d, 0x05, 0x00, 0x00, 0xd0, 0x00, 0x00, 0x00,
0x62, 0xfe, 0xff, 0xff, 0x04, 0x00, 0x00, 0x00, 0xc0, 0x00, 0x00, 0x00,
0x2b, 0xe2, 0x42, 0xfd, 0x1c, 0x03, 0x3b, 0x04, 0x3c, 0x43, 0xfd, 0x2b,
0xf8, 0x07, 0xcc, 0x04, 0x19, 0xf8, 0xc1, 0x2e, 0xce, 0xe4, 0x09, 0xc9,
0x41, 0xcf, 0xf1, 0x22, 0xe8, 0x1a, 0xec, 0xe0, 0xcc, 0x1f, 0xcc, 0xda,
0x5b, 0x4b, 0x32, 0x1f, 0x22, 0x28, 0xd7, 0x40, 0x0e, 0x21, 0x00, 0x3c,
0xfa, 0xd6, 0xde, 0x67, 0x47, 0xec, 0x35, 0xe9, 0xef, 0xed, 0xcd, 0x30,
0xeb, 0xce, 0x3e, 0xc2, 0xef, 0x0c, 0xff, 0x13, 0xd5, 0x00, 0xf5, 0x15,
0xdf, 0xac, 0x8f, 0xdb, 0x43, 0x0f, 0xb8, 0x15, 0xdc, 0x66, 0xff, 0xf4,
0x18, 0x37, 0x08, 0xf4, 0xfd, 0xf7, 0x8f, 0xe2, 0x0d, 0xfb, 0xec, 0x0e,
0x18, 0x02, 0x18, 0x16, 0xcf, 0x03, 0xf1, 0x22, 0xde, 0xd2, 0x06, 0xdf,
0xfe, 0xc5, 0xe4, 0xcd, 0x5c, 0x0f, 0xb6, 0xce, 0xd8, 0x45, 0xea, 0xe1,
0xd1, 0x1a, 0x21, 0x3a, 0xe6, 0xff, 0xfe, 0x1d, 0x14, 0x1f, 0xd4, 0x14,
0xf7, 0xb6, 0xd8, 0x01, 0xbc, 0xe4, 0x50, 0x07, 0xe5, 0x23, 0x2f, 0x1a,
0xd7, 0x81, 0xff, 0xed, 0x19, 0xf9, 0x15, 0xf7, 0xca, 0x20, 0x6b, 0x12,
0x22, 0xf7, 0xf1, 0x14, 0x19, 0x1f, 0x1a, 0x17, 0xbf, 0xcc, 0xcb, 0xe8,
0x0c, 0xbf, 0x06, 0xea, 0x1a, 0xd1, 0xdc, 0xe1, 0xa5, 0x07, 0x67, 0xcb,
0xf0, 0xca, 0xd3, 0xf4, 0x4f, 0x15, 0x23, 0x86, 0xf6, 0x01, 0xef, 0x20,
0x2e, 0xff, 0xff, 0xff, 0x04, 0x00, 0x00, 0x00, 0x0c, 0x00, 0x00, 0x00,
0x86, 0x00, 0x00, 0x00, 0xeb, 0xff, 0xff, 0xff, 0xb8, 0xfe, 0xff, 0xff,
0x46, 0xff, 0xff, 0xff, 0x04, 0x00, 0x00, 0x00, 0x08, 0x00, 0x00, 0x00,
0x01, 0x00, 0x00, 0x00, 0x02, 0x00, 0x00, 0x00, 0x3c, 0xdc, 0xff, 0xff,
0x40, 0xdc, 0xff, 0xff, 0x0f, 0x00, 0x00, 0x00, 0x4d, 0x4c, 0x49, 0x52,
0x20, 0x43, 0x6f, 0x6e, 0x76, 0x65, 0x72, 0x74, 0x65, 0x64, 0x2e, 0x00,
0x01, 0x00, 0x00, 0x00, 0x14, 0x00, 0x00, 0x00, 0x00, 0x00, 0x0e, 0x00,
0x18, 0x00, 0x14, 0x00, 0x10, 0x00, 0x0c, 0x00, 0x08, 0x00, 0x04, 0x00,
0x0e, 0x00, 0x00, 0x00, 0x14, 0x00, 0x00, 0x00, 0x1c, 0x00, 0x00, 0x00,
0x74, 0x03, 0x00, 0x00, 0x78, 0x03, 0x00, 0x00, 0x7c, 0x03, 0x00, 0x00,
0x04, 0x00, 0x00, 0x00, 0x6d, 0x61, 0x69, 0x6e, 0x00, 0x00, 0x00, 0x00,
0x0c, 0x00, 0x00, 0x00, 0x10, 0x03, 0x00, 0x00, 0xcc, 0x02, 0x00, 0x00,
0x88, 0x02, 0x00, 0x00, 0x30, 0x02, 0x00, 0x00, 0xd0, 0x01, 0x00, 0x00,
0x7c, 0x01, 0x00, 0x00, 0x34, 0x01, 0x00, 0x00, 0xf0, 0x00, 0x00, 0x00,
0xbc, 0x00, 0x00, 0x00, 0x78, 0x00, 0x00, 0x00, 0x40, 0x00, 0x00, 0x00,
0x04, 0x00, 0x00, 0x00, 0x02, 0xfe, 0xff, 0xff, 0x1c, 0x00, 0x00, 0x00,
0x00, 0x00, 0x00, 0x09, 0x1c, 0x00, 0x00, 0x00, 0x20, 0x00, 0x00, 0x00,
0x07, 0x00, 0x00, 0x00, 0x00, 0x00, 0x06, 0x00, 0x08, 0x00, 0x04, 0x00,
0x06, 0x00, 0x00, 0x00, 0x00, 0x00, 0x80, 0x3f, 0x01, 0x00, 0x00, 0x00,
0x1d, 0x00, 0x00, 0x00, 0x01, 0x00, 0x00, 0x00, 0x1c, 0x00, 0x00, 0x00,
0xa6, 0xfd, 0xff, 0xff, 0x14, 0x00, 0x00, 0x00, 0x00, 0x00, 0x00, 0x08,
0x10, 0x00, 0x00, 0x00, 0x14, 0x00, 0x00, 0x00, 0x06, 0x00, 0x00, 0x00,
0x18, 0xdd, 0xff, 0xff, 0x01, 0x00, 0x00, 0x00, 0x1c, 0x00, 0x00, 0x00,
0x03, 0x00, 0x00, 0x00, 0x1b, 0x00, 0x00, 0x00, 0x03, 0x00, 0x00, 0x00,
0x02, 0x00, 0x00, 0x00, 0x6e, 0xfe, 0xff, 0xff, 0x1c, 0x00, 0x00, 0x00,
0x00, 0x00, 0x00, 0x08, 0x1c, 0x00, 0x00, 0x00, 0x20, 0x00, 0x00, 0x00,
0x06, 0x00, 0x00, 0x00, 0x00, 0x00, 0x06, 0x00, 0x08, 0x00, 0x07, 0x00,
0x06, 0x00, 0x00, 0x00, 0x00, 0x00, 0x00, 0x01, 0x01, 0x00, 0x00, 0x00,
0x1b, 0x00, 0x00, 0x00, 0x03, 0x00, 0x00, 0x00, 0x1a, 0x00, 0x00, 0x00,
0x05, 0x00, 0x00, 0x00, 0x04, 0x00, 0x00, 0x00, 0x1a, 0xfe, 0xff, 0xff,
0x14, 0x00, 0x00, 0x00, 0x00, 0x00, 0x00, 0x1b, 0x10, 0x00, 0x00, 0x00,
0x14, 0x00, 0x00, 0x00, 0x05, 0x00, 0x00, 0x00, 0x8c, 0xdd, 0xff, 0xff,
0x01, 0x00, 0x00, 0x00, 0x1a, 0x00, 0x00, 0x00, 0x02, 0x00, 0x00, 0x00,
0x19, 0x00, 0x00, 0x00, 0x01, 0x00, 0x00, 0x00, 0x0a, 0xfe, 0xff, 0xff,
0x10, 0x00, 0x00, 0x00, 0x00, 0x00, 0x00, 0x01, 0x1c, 0x00, 0x00, 0x00,
0x20, 0x00, 0x00, 0x00, 0x2c, 0xff, 0xff, 0xff, 0x00, 0x00, 0x00, 0x01,
0x01, 0x00, 0x00, 0x00, 0x01, 0x00, 0x00, 0x00, 0x00, 0x00, 0x00, 0x01,
0x01, 0x00, 0x00, 0x00, 0x19, 0x00, 0x00, 0x00, 0x03, 0x00, 0x00, 0x00,
0x18, 0x00, 0x00, 0x00, 0x07, 0x00, 0x00, 0x00, 0x06, 0x00, 0x00, 0x00,
0x8a, 0xfe, 0xff, 0xff, 0x14, 0x00, 0x00, 0x00, 0x00, 0x00, 0x00, 0x02,
0x20, 0x00, 0x00, 0x00, 0x24, 0x00, 0x00, 0x00, 0x03, 0x00, 0x00, 0x00,
0x0e, 0xff, 0xff, 0xff, 0x00, 0x00, 0x00, 0x01, 0x01, 0x00, 0x00, 0x00,
0x01, 0x00, 0x00, 0x00, 0x01, 0x00, 0x00, 0x00, 0x01, 0x00, 0x00, 0x00,
0x18, 0x00, 0x00, 0x00, 0x03, 0x00, 0x00, 0x00, 0x17, 0x00, 0x00, 0x00,
0x09, 0x00, 0x00, 0x00, 0x08, 0x00, 0x00, 0x00, 0x62, 0xff, 0xff, 0xff,
0x24, 0x00, 0x00, 0x00, 0x00, 0x00, 0x00, 0x05, 0x34, 0x00, 0x00, 0x00,
0x38, 0x00, 0x00, 0x00, 0x04, 0x00, 0x00, 0x00, 0x00, 0x00, 0x0e, 0x00,
0x18, 0x00, 0x17, 0x00, 0x10, 0x00, 0x0c, 0x00, 0x08, 0x00, 0x04, 0x00,
0x0e, 0x00, 0x00, 0x00, 0x02, 0x00, 0x00, 0x00, 0x02, 0x00, 0x00, 0x00,
0x02, 0x00, 0x00, 0x00, 0x02, 0x00, 0x00, 0x00, 0x00, 0x00, 0x00, 0x01,
0x01, 0x00, 0x00, 0x00, 0x17, 0x00, 0x00, 0x00, 0x01, 0x00, 0x00, 0x00,
0x16, 0x00, 0x00, 0x00, 0xde, 0xfe, 0xff, 0xff, 0x1c, 0x00, 0x00, 0x00,
0x00, 0x00, 0x00, 0x01, 0x28, 0x00, 0x00, 0x00, 0x2c, 0x00, 0x00, 0x00,
0x0c, 0x00, 0x14, 0x00, 0x13, 0x00, 0x0c, 0x00, 0x08, 0x00, 0x07, 0x00,
0x0c, 0x00, 0x00, 0x00, 0x00, 0x00, 0x00, 0x01, 0x01, 0x00, 0x00, 0x00,
0x01, 0x00, 0x00, 0x00, 0x00, 0x00, 0x00, 0x01, 0x01, 0x00, 0x00, 0x00,
0x16, 0x00, 0x00, 0x00, 0x03, 0x00, 0x00, 0x00, 0x15, 0x00, 0x00, 0x00,
0x0b, 0x00, 0x00, 0x00, 0x0a, 0x00, 0x00, 0x00, 0x00, 0x00, 0x0e, 0x00,
0x1a, 0x00, 0x14, 0x00, 0x10, 0x00, 0x0c, 0x00, 0x0b, 0x00, 0x04, 0x00,
0x0e, 0x00, 0x00, 0x00, 0x24, 0x00, 0x00, 0x00, 0x00, 0x00, 0x00, 0x02,
0x30, 0x00, 0x00, 0x00, 0x34, 0x00, 0x00, 0x00, 0x03, 0x00, 0x00, 0x00,
0x00, 0x00, 0x0e, 0x00, 0x14, 0x00, 0x00, 0x00, 0x10, 0x00, 0x0c, 0x00,
0x08, 0x00, 0x07, 0x00, 0x0e, 0x00, 0x00, 0x00, 0x00, 0x00, 0x00, 0x01,
0x01, 0x00, 0x00, 0x00, 0x01, 0x00, 0x00, 0x00, 0x01, 0x00, 0x00, 0x00,
0x01, 0x00, 0x00, 0x00, 0x15, 0x00, 0x00, 0x00, 0x03, 0x00, 0x00, 0x00,
0x14, 0x00, 0x00, 0x00, 0x0d, 0x00, 0x00, 0x00, 0x0c, 0x00, 0x00, 0x00,
0xce, 0xff, 0xff, 0xff, 0x14, 0x00, 0x00, 0x00, 0x00, 0x00, 0x00, 0x0b,
0x10, 0x00, 0x00, 0x00, 0x14, 0x00, 0x00, 0x00, 0x02, 0x00, 0x00, 0x00,
0x40, 0xdf, 0xff, 0xff, 0x01, 0x00, 0x00, 0x00, 0x14, 0x00, 0x00, 0x00,
0x02, 0x00, 0x00, 0x00, 0x13, 0x00, 0x00, 0x00, 0x0e, 0x00, 0x00, 0x00,
0x00, 0x00, 0x0e, 0x00, 0x18, 0x00, 0x14, 0x00, 0x10, 0x00, 0x0c, 0x00,
0x0b, 0x00, 0x04, 0x00, 0x0e, 0x00, 0x00, 0x00, 0x14, 0x00, 0x00, 0x00,
0x00, 0x00, 0x00, 0x15, 0x10, 0x00, 0x00, 0x00, 0x14, 0x00, 0x00, 0x00,
0x01, 0x00, 0x00, 0x00, 0x80, 0xdf, 0xff, 0xff, 0x01, 0x00, 0x00, 0x00,
0x13, 0x00, 0x00, 0x00, 0x02, 0x00, 0x00, 0x00, 0x12, 0x00, 0x00, 0x00,
0x0f, 0x00, 0x00, 0x00, 0x00, 0x00, 0x0e, 0x00, 0x14, 0x00, 0x00, 0x00,
0x10, 0x00, 0x0c, 0x00, 0x0b, 0x00, 0x04, 0x00, 0x0e, 0x00, 0x00, 0x00,
0x1c, 0x00, 0x00, 0x00, 0x00, 0x00, 0x00, 0x01, 0x24, 0x00, 0x00, 0x00,
0x28, 0x00, 0x00, 0x00, 0x0c, 0x00, 0x10, 0x00, 0x00, 0x00, 0x0c, 0x00,
0x08, 0x00, 0x07, 0x00, 0x0c, 0x00, 0x00, 0x00, 0x00, 0x00, 0x00, 0x01,
0x02, 0x00, 0x00, 0x00, 0x02, 0x00, 0x00, 0x00, 0x01, 0x00, 0x00, 0x00,
0x12, 0x00, 0x00, 0x00, 0x03, 0x00, 0x00, 0x00, 0x00, 0x00, 0x00, 0x00,
0x11, 0x00, 0x00, 0x00, 0x10, 0x00, 0x00, 0x00, 0x01, 0x00, 0x00, 0x00,
0x1d, 0x00, 0x00, 0x00, 0x01, 0x00, 0x00, 0x00, 0x00, 0x00, 0x00, 0x00,
0x1e, 0x00, 0x00, 0x00, 0x64, 0x20, 0x00, 0x00, 0xdc, 0x1f, 0x00, 0x00,
0x48, 0x1f, 0x00, 0x00, 0xdc, 0x1e, 0x00, 0x00, 0x68, 0x1e, 0x00, 0x00,
0xfc, 0x1d, 0x00, 0x00, 0x90, 0x1a, 0x00, 0x00, 0x24, 0x17, 0x00, 0x00,
0x28, 0x15, 0x00, 0x00, 0x1c, 0x13, 0x00, 0x00, 0x18, 0x11, 0x00, 0x00,
0x2c, 0x0f, 0x00, 0x00, 0xf8, 0x0d, 0x00, 0x00, 0xc0, 0x0c, 0x00, 0x00,
0x40, 0x0c, 0x00, 0x00, 0xc4, 0x0b, 0x00, 0x00, 0x98, 0x0a, 0x00, 0x00,
0x6c, 0x09, 0x00, 0x00, 0x60, 0x08, 0x00, 0x00, 0xbc, 0x07, 0x00, 0x00,
0x18, 0x07, 0x00, 0x00, 0x04, 0x06, 0x00, 0x00, 0xf0, 0x04, 0x00, 0x00,
0x5c, 0x04, 0x00, 0x00, 0x40, 0x03, 0x00, 0x00, 0x54, 0x02, 0x00, 0x00,
0xc8, 0x01, 0x00, 0x00, 0x1c, 0x01, 0x00, 0x00, 0x80, 0x00, 0x00, 0x00,
0x04, 0x00, 0x00, 0x00, 0x2a, 0xe0, 0xff, 0xff, 0x00, 0x00, 0x00, 0x01,
0x18, 0x00, 0x00, 0x00, 0x20, 0x00, 0x00, 0x00, 0x3c, 0x00, 0x00, 0x00,
0x1e, 0x00, 0x00, 0x00, 0x00, 0x00, 0x00, 0x09, 0x50, 0x00, 0x00, 0x00,
0x02, 0x00, 0x00, 0x00, 0xff, 0xff, 0xff, 0xff, 0x03, 0x00, 0x00, 0x00,
0x0c, 0xe0, 0xff, 0xff, 0x08, 0x00, 0x00, 0x00, 0x10, 0x00, 0x00, 0x00,
0x01, 0x00, 0x00, 0x00, 0x80, 0xff, 0xff, 0xff, 0xff, 0xff, 0xff, 0xff,
0x01, 0x00, 0x00, 0x00, 0x00, 0x00, 0x80, 0x3b, 0x1b, 0x00, 0x00, 0x00,
0x53, 0x74, 0x61, 0x74, 0x65, 0x66, 0x75, 0x6c, 0x50, 0x61, 0x72, 0x74,
0x69, 0x74, 0x69, 0x6f, 0x6e, 0x65, 0x64, 0x43, 0x61, 0x6c, 0x6c, 0x5f,
0x31, 0x3a, 0x30, 0x00, 0x02, 0x00, 0x00, 0x00, 0x01, 0x00, 0x00, 0x00,
0x03, 0x00, 0x00, 0x00, 0xa2, 0xe0, 0xff, 0xff, 0x00, 0x00, 0x00, 0x01,
0x18, 0x00, 0x00, 0x00, 0x20, 0x00, 0x00, 0x00, 0x40, 0x00, 0x00, 0x00,
0x1d, 0x00, 0x00, 0x00, 0x00, 0x00, 0x00, 0x09, 0x70, 0x00, 0x00, 0x00,
0x02, 0x00, 0x00, 0x00, 0xff, 0xff, 0xff, 0xff, 0x03, 0x00, 0x00, 0x00,
0x84, 0xe0, 0xff, 0xff, 0x08, 0x00, 0x00, 0x00, 0x14, 0x00, 0x00, 0x00,
0x01, 0x00, 0x00, 0x00, 0x2c, 0x00, 0x00, 0x00, 0x00, 0x00, 0x00, 0x00,
0x00, 0x00, 0x00, 0x00, 0x01, 0x00, 0x00, 0x00, 0xe9, 0xcf, 0xf9, 0x3d,
0x34, 0x00, 0x00, 0x00, 0x73, 0x65, 0x71, 0x75, 0x65, 0x6e, 0x74, 0x69,
0x61, 0x6c, 0x2f, 0x64, 0x65, 0x6e, 0x73, 0x65, 0x5f, 0x31, 0x2f, 0x4d,
0x61, 0x74, 0x4d, 0x75, 0x6c, 0x3b, 0x73, 0x65, 0x71, 0x75, 0x65, 0x6e,
0x74, 0x69, 0x61, 0x6c, 0x2f, 0x64, 0x65, 0x6e, 0x73, 0x65, 0x5f, 0x31,
0x2f, 0x42, 0x69, 0x61, 0x73, 0x41, 0x64, 0x64, 0x00, 0x00, 0x00, 0x00,
0x02, 0x00, 0x00, 0x00, 0x01, 0x00, 0x00, 0x00, 0x03, 0x00, 0x00, 0x00,
0x3a, 0xe1, 0xff, 0xff, 0x00, 0x00, 0x00, 0x01, 0x18, 0x00, 0x00, 0x00,
0x20, 0x00, 0x00, 0x00, 0x40, 0x00, 0x00, 0x00, 0x1c, 0x00, 0x00, 0x00,
0x00, 0x00, 0x00, 0x09, 0x80, 0x00, 0x00, 0x00, 0x02, 0x00, 0x00, 0x00,
0xff, 0xff, 0xff, 0xff, 0x40, 0x00, 0x00, 0x00, 0x1c, 0xe1, 0xff, 0xff,
0x08, 0x00, 0x00, 0x00, 0x14, 0x00, 0x00, 0x00, 0x01, 0x00, 0x00, 0x00,
0x80, 0xff, 0xff, 0xff, 0xff, 0xff, 0xff, 0xff, 0x00, 0x00, 0x00, 0x00,
0x01, 0x00, 0x00, 0x00, 0xba, 0x78, 0xe2, 0x3c, 0x46, 0x00, 0x00, 0x00,
0x73, 0x65, 0x71, 0x75, 0x65, 0x6e, 0x74, 0x69, 0x61, 0x6c, 0x2f, 0x64,
0x65, 0x6e, 0x73, 0x65, 0x2f, 0x4d, 0x61, 0x74, 0x4d, 0x75, 0x6c, 0x3b,
0x73, 0x65, 0x71, 0x75, 0x65, 0x6e, 0x74, 0x69, 0x61, 0x6c, 0x2f, 0x64,
0x65, 0x6e, 0x73, 0x65, 0x2f, 0x52, 0x65, 0x6c, 0x75, 0x3b, 0x73, 0x65,
0x71, 0x75, 0x65, 0x6e, 0x74, 0x69, 0x61, 0x6c, 0x2f, 0x64, 0x65, 0x6e,
0x73, 0x65, 0x2f, 0x42, 0x69, 0x61, 0x73, 0x41, 0x64, 0x64, 0x00, 0x00,
0x02, 0x00, 0x00, 0x00, 0x01, 0x00, 0x00, 0x00, 0x40, 0x00, 0x00, 0x00,
0xe2, 0xe1, 0xff, 0xff, 0x00, 0x00, 0x00, 0x01, 0x18, 0x00, 0x00, 0x00,
0x20, 0x00, 0x00, 0x00, 0x3c, 0x00, 0x00, 0x00, 0x1b, 0x00, 0x00, 0x00,
0x00, 0x00, 0x00, 0x09, 0x60, 0x00, 0x00, 0x00, 0x02, 0x00, 0x00, 0x00,
0xff, 0xff, 0xff, 0xff, 0x40, 0x00, 0x00, 0x00, 0xc4, 0xe1, 0xff, 0xff,
0x08, 0x00, 0x00, 0x00, 0x10, 0x00, 0x00, 0x00, 0x01, 0x00, 0x00, 0x00,
0x80, 0xff, 0xff, 0xff, 0xff, 0xff, 0xff, 0xff, 0x01, 0x00, 0x00, 0x00,
0x6f, 0xbd, 0x2c, 0x3c, 0x28, 0x00, 0x00, 0x00, 0x73, 0x65, 0x71, 0x75,
0x65, 0x6e, 0x74, 0x69, 0x61, 0x6c, 0x2f, 0x67, 0x6c, 0x6f, 0x62, 0x61,
0x6c, 0x5f, 0x61, 0x76, 0x65, 0x72, 0x61, 0x67, 0x65, 0x5f, 0x70, 0x6f,
0x6f, 0x6c, 0x69, 0x6e, 0x67, 0x32, 0x64, 0x2f, 0x4d, 0x65, 0x61, 0x6e,
0x00, 0x00, 0x00, 0x00, 0x02, 0x00, 0x00, 0x00, 0x01, 0x00, 0x00, 0x00,
0x40, 0x00, 0x00, 0x00, 0x6a, 0xe2, 0xff, 0xff, 0x00, 0x00, 0x00, 0x01,
0x18, 0x00, 0x00, 0x00, 0x28, 0x00, 0x00, 0x00, 0x44, 0x00, 0x00, 0x00,
0x1a, 0x00, 0x00, 0x00, 0x00, 0x00, 0x00, 0x09, 0xb8, 0x00, 0x00, 0x00,
0x04, 0x00, 0x00, 0x00, 0xff, 0xff, 0xff, 0xff, 0x0c, 0x00, 0x00, 0x00,
0x0a, 0x00, 0x00, 0x00, 0x40, 0x00, 0x00, 0x00, 0x54, 0xe2, 0xff, 0xff,
0x08, 0x00, 0x00, 0x00, 0x10, 0x00, 0x00, 0x00, 0x01, 0x00, 0x00, 0x00,
0x80, 0xff, 0xff, 0xff, 0xff, 0xff, 0xff, 0xff, 0x01, 0x00, 0x00, 0x00,
0xe2, 0xa4, 0x3a, 0x3d, 0x7a, 0x00, 0x00, 0x00, 0x73, 0x65, 0x71, 0x75,
0x65, 0x6e, 0x74, 0x69, 0x61, 0x6c, 0x2f, 0x63, 0x6f, 0x6e, 0x76, 0x32,
0x64, 0x5f, 0x32, 0x2f, 0x52, 0x65, 0x6c, 0x75, 0x3b, 0x73, 0x65, 0x71,
0x75, 0x65, 0x6e, 0x74, 0x69, 0x61, 0x6c, 0x2f, 0x63, 0x6f, 0x6e, 0x76,
0x32, 0x64, 0x5f, 0x32, 0x2f, 0x42, 0x69, 0x61, 0x73, 0x41, 0x64, 0x64,
0x3b, 0x73, 0x65, 0x71, 0x75, 0x65, 0x6e, 0x74, 0x69, 0x61, 0x6c, 0x2f,
0x63, 0x6f, 0x6e, 0x76, 0x32, 0x64, 0x5f, 0x32, 0x2f, 0x43, 0x6f, 0x6e,
0x76, 0x32, 0x44, 0x3b, 0x73, 0x65, 0x71, 0x75, 0x65, 0x6e, 0x74, 0x69,
0x61, 0x6c, 0x2f, 0x63, 0x6f, 0x6e, 0x76, 0x32, 0x64, 0x5f, 0x32, 0x2f,
0x42, 0x69, 0x61, 0x73, 0x41, 0x64, 0x64, 0x2f, 0x52, 0x65, 0x61, 0x64,
0x56, 0x61, 0x72, 0x69, 0x61, 0x62, 0x6c, 0x65, 0x4f, 0x70, 0x00, 0x00,
0x04, 0x00, 0x00, 0x00, 0x01, 0x00, 0x00, 0x00, 0x0c, 0x00, 0x00, 0x00,
0x0a, 0x00, 0x00, 0x00, 0x40, 0x00, 0x00, 0x00, 0x52, 0xe3, 0xff, 0xff,
0x00, 0x00, 0x00, 0x01, 0x18, 0x00, 0x00, 0x00, 0x28, 0x00, 0x00, 0x00,
0x48, 0x00, 0x00, 0x00, 0x19, 0x00, 0x00, 0x00, 0x00, 0x00, 0x00, 0x09,
0xe8, 0x00, 0x00, 0x00, 0x04, 0x00, 0x00, 0x00, 0xff, 0xff, 0xff, 0xff,
0x0c, 0x00, 0x00, 0x00, 0x0a, 0x00, 0x00, 0x00, 0x20, 0x00, 0x00, 0x00,
0x3c, 0xe3, 0xff, 0xff, 0x08, 0x00, 0x00, 0x00, 0x14, 0x00, 0x00, 0x00,
0x01, 0x00, 0x00, 0x00, 0x80, 0xff, 0xff, 0xff, 0xff, 0xff, 0xff, 0xff,
0x00, 0x00, 0x00, 0x00, 0x01, 0x00, 0x00, 0x00, 0x1c, 0x00, 0x76, 0x3d,
0xa5, 0x00, 0x00, 0x00, 0x73, 0x65, 0x71, 0x75, 0x65, 0x6e, 0x74, 0x69,
0x61, 0x6c, 0x2f, 0x64, 0x65, 0x70, 0x74, 0x68, 0x77, 0x69, 0x73, 0x65,
0x5f, 0x63, 0x6f, 0x6e, 0x76, 0x32, 0x64, 0x5f, 0x31, 0x2f, 0x52, 0x65,
0x6c, 0x75, 0x3b, 0x73, 0x65, 0x71, 0x75, 0x65, 0x6e, 0x74, 0x69, 0x61,
0x6c, 0x2f, 0x64, 0x65, 0x70, 0x74, 0x68, 0x77, 0x69, 0x73, 0x65, 0x5f,
0x63, 0x6f, 0x6e, 0x76, 0x32, 0x64, 0x5f, 0x31, 0x2f, 0x42, 0x69, 0x61,
0x73, 0x41, 0x64, 0x64, 0x3b, 0x73, 0x65, 0x71, 0x75, 0x65, 0x6e, 0x74,
0x69, 0x61, 0x6c, 0x2f, 0x64, 0x65, 0x70, 0x74, 0x68, 0x77, 0x69, 0x73,
0x65, 0x5f, 0x63, 0x6f, 0x6e, 0x76, 0x32, 0x64, 0x5f, 0x31, 0x2f, 0x64,
0x65, 0x70, 0x74, 0x68, 0x77, 0x69, 0x73, 0x65, 0x3b, 0x73, 0x65, 0x71,
0x75, 0x65, 0x6e, 0x74, 0x69, 0x61, 0x6c, 0x2f, 0x64, 0x65, 0x70, 0x74,
0x68, 0x77, 0x69, 0x73, 0x65, 0x5f, 0x63, 0x6f, 0x6e, 0x76, 0x32, 0x64,
0x5f, 0x31, 0x2f, 0x42, 0x69, 0x61, 0x73, 0x41, 0x64, 0x64, 0x2f, 0x52,
0x65, 0x61, 0x64, 0x56, 0x61, 0x72, 0x69, 0x61, 0x62, 0x6c, 0x65, 0x4f,
0x70, 0x00, 0x00, 0x00, 0x04, 0x00, 0x00, 0x00, 0x01, 0x00, 0x00, 0x00,
0x0c, 0x00, 0x00, 0x00, 0x0a, 0x00, 0x00, 0x00, 0x20, 0x00, 0x00, 0x00,
0x6a, 0xe4, 0xff, 0xff, 0x00, 0x00, 0x00, 0x01, 0x18, 0x00, 0x00, 0x00,
0x28, 0x00, 0x00, 0x00, 0x44, 0x00, 0x00, 0x00, 0x18, 0x00, 0x00, 0x00,
0x00, 0x00, 0x00, 0x09, 0x60, 0x00, 0x00, 0x00, 0x04, 0x00, 0x00, 0x00,
0xff, 0xff, 0xff, 0xff, 0x0c, 0x00, 0x00, 0x00, 0x0a, 0x00, 0x00, 0x00,
0x20, 0x00, 0x00, 0x00, 0x54, 0xe4, 0xff, 0xff, 0x08, 0x00, 0x00, 0x00,
0x10, 0x00, 0x00, 0x00, 0x01, 0x00, 0x00, 0x00, 0x80, 0xff, 0xff, 0xff,
0xff, 0xff, 0xff, 0xff, 0x01, 0x00, 0x00, 0x00, 0x42, 0xd0, 0xd0, 0x3d,
0x20, 0x00, 0x00, 0x00, 0x73, 0x65, 0x71, 0x75, 0x65, 0x6e, 0x74, 0x69,
0x61, 0x6c, 0x2f, 0x6d, 0x61, 0x78, 0x5f, 0x70, 0x6f, 0x6f, 0x6c, 0x69,
0x6e, 0x67, 0x32, 0x64, 0x2f, 0x4d, 0x61, 0x78, 0x50, 0x6f, 0x6f, 0x6c,
0x00, 0x00, 0x00, 0x00, 0x04, 0x00, 0x00, 0x00, 0x01, 0x00, 0x00, 0x00,
0x0c, 0x00, 0x00, 0x00, 0x0a, 0x00, 0x00, 0x00, 0x20, 0x00, 0x00, 0x00,
0xfa, 0xe4, 0xff, 0xff, 0x00, 0x00, 0x00, 0x01, 0x18, 0x00, 0x00, 0x00,
0x28, 0x00, 0x00, 0x00, 0x44, 0x00, 0x00, 0x00, 0x17, 0x00, 0x00, 0x00,
0x00, 0x00, 0x00, 0x09, 0xe0, 0x00, 0x00, 0x00, 0x04, 0x00, 0x00, 0x00,
0xff, 0xff, 0xff, 0xff, 0x19, 0x00, 0x00, 0x00, 0x14, 0x00, 0x00, 0x00,
0x20, 0x00, 0x00, 0x00, 0xe4, 0xe4, 0xff, 0xff, 0x08, 0x00, 0x00, 0x00,
0x10, 0x00, 0x00, 0x00, 0x01, 0x00, 0x00, 0x00, 0x80, 0xff, 0xff, 0xff,
0xff, 0xff, 0xff, 0xff, 0x01, 0x00, 0x00, 0x00, 0x42, 0xd0, 0xd0, 0x3d,
0xa2, 0x00, 0x00, 0x00, 0x73, 0x65, 0x71, 0x75, 0x65, 0x6e, 0x74, 0x69,
0x61, 0x6c, 0x2f, 0x63, 0x6f, 0x6e, 0x76, 0x32, 0x64, 0x5f, 0x31, 0x2f,
0x52, 0x65, 0x6c, 0x75, 0x3b, 0x73, 0x65, 0x71, 0x75, 0x65, 0x6e, 0x74,
0x69, 0x61, 0x6c, 0x2f, 0x63, 0x6f, 0x6e, 0x76, 0x32, 0x64, 0x5f, 0x31,
0x2f, 0x42, 0x69, 0x61, 0x73, 0x41, 0x64, 0x64, 0x3b, 0x73, 0x65, 0x71,
0x75, 0x65, 0x6e, 0x74, 0x69, 0x61, 0x6c, 0x2f, 0x64, 0x65, 0x70, 0x74,
0x68, 0x77, 0x69, 0x73, 0x65, 0x5f, 0x63, 0x6f, 0x6e, 0x76, 0x32, 0x64,
0x5f, 0x31, 0x2f, 0x64, 0x65, 0x70, 0x74, 0x68, 0x77, 0x69, 0x73, 0x65,
0x3b, 0x73, 0x65, 0x71, 0x75, 0x65, 0x6e, 0x74, 0x69, 0x61, 0x6c, 0x2f,
0x63, 0x6f, 0x6e, 0x76, 0x32, 0x64, 0x5f, 0x31, 0x2f, 0x43, 0x6f, 0x6e,
0x76, 0x32, 0x44, 0x3b, 0x73, 0x65, 0x71, 0x75, 0x65, 0x6e, 0x74, 0x69,
0x61, 0x6c, 0x2f, 0x63, 0x6f, 0x6e, 0x76, 0x32, 0x64, 0x5f, 0x31, 0x2f,
0x42, 0x69, 0x61, 0x73, 0x41, 0x64, 0x64, 0x2f, 0x52, 0x65, 0x61, 0x64,
0x56, 0x61, 0x72, 0x69, 0x61, 0x62, 0x6c, 0x65, 0x4f, 0x70, 0x00, 0x00,
0x04, 0x00, 0x00, 0x00, 0x01, 0x00, 0x00, 0x00, 0x19, 0x00, 0x00, 0x00,
0x14, 0x00, 0x00, 0x00, 0x20, 0x00, 0x00, 0x00, 0x0a, 0xe6, 0xff, 0xff,
0x00, 0x00, 0x00, 0x01, 0x18, 0x00, 0x00, 0x00, 0x28, 0x00, 0x00, 0x00,
0x48, 0x00, 0x00, 0x00, 0x16, 0x00, 0x00, 0x00, 0x00, 0x00, 0x00, 0x09,
0xe0, 0x00, 0x00, 0x00, 0x04, 0x00, 0x00, 0x00, 0xff, 0xff, 0xff, 0xff,
0x19, 0x00, 0x00, 0x00, 0x14, 0x00, 0x00, 0x00, 0x10, 0x00, 0x00, 0x00,
0xf4, 0xe5, 0xff, 0xff, 0x08, 0x00, 0x00, 0x00, 0x14, 0x00, 0x00, 0x00,
0x01, 0x00, 0x00, 0x00, 0x80, 0xff, 0xff, 0xff, 0xff, 0xff, 0xff, 0xff,
0x00, 0x00, 0x00, 0x00, 0x01, 0x00, 0x00, 0x00, 0x0e, 0x18, 0x84, 0x3d,
0x9d, 0x00, 0x00, 0x00, 0x73, 0x65, 0x71, 0x75, 0x65, 0x6e, 0x74, 0x69,
0x61, 0x6c, 0x2f, 0x64, 0x65, 0x70, 0x74, 0x68, 0x77, 0x69, 0x73, 0x65,
0x5f, 0x63, 0x6f, 0x6e, 0x76, 0x32, 0x64, 0x2f, 0x52, 0x65, 0x6c, 0x75,
0x3b, 0x73, 0x65, 0x71, 0x75, 0x65, 0x6e, 0x74, 0x69, 0x61, 0x6c, 0x2f,
0x64, 0x65, 0x70, 0x74, 0x68, 0x77, 0x69, 0x73, 0x65, 0x5f, 0x63, 0x6f,
0x6e, 0x76, 0x32, 0x64, 0x2f, 0x42, 0x69, 0x61, 0x73, 0x41, 0x64, 0x64,
0x3b, 0x73, 0x65, 0x71, 0x75, 0x65, 0x6e, 0x74, 0x69, 0x61, 0x6c, 0x2f,
0x64, 0x65, 0x70, 0x74, 0x68, 0x77, 0x69, 0x73, 0x65, 0x5f, 0x63, 0x6f,
0x6e, 0x76, 0x32, 0x64, 0x2f, 0x64, 0x65, 0x70, 0x74, 0x68, 0x77, 0x69,
0x73, 0x65, 0x3b, 0x73, 0x65, 0x71, 0x75, 0x65, 0x6e, 0x74, 0x69, 0x61,
0x6c, 0x2f, 0x64, 0x65, 0x70, 0x74, 0x68, 0x77, 0x69, 0x73, 0x65, 0x5f,
0x63, 0x6f, 0x6e, 0x76, 0x32, 0x64, 0x2f, 0x42, 0x69, 0x61, 0x73, 0x41,
0x64, 0x64, 0x2f, 0x52, 0x65, 0x61, 0x64, 0x56, 0x61, 0x72, 0x69, 0x61,
0x62, 0x6c, 0x65, 0x4f, 0x70, 0x00, 0x00, 0x00, 0x04, 0x00, 0x00, 0x00,
0x01, 0x00, 0x00, 0x00, 0x19, 0x00, 0x00, 0x00, 0x14, 0x00, 0x00, 0x00,
0x10, 0x00, 0x00, 0x00, 0x1a, 0xe7, 0xff, 0xff, 0x00, 0x00, 0x00, 0x01,
0x18, 0x00, 0x00, 0x00, 0x28, 0x00, 0x00, 0x00, 0x44, 0x00, 0x00, 0x00,
0x15, 0x00, 0x00, 0x00, 0x00, 0x00, 0x00, 0x09, 0x70, 0x00, 0x00, 0x00,
0x04, 0x00, 0x00, 0x00, 0xff, 0xff, 0xff, 0xff, 0x19, 0x00, 0x00, 0x00,
0x14, 0x00, 0x00, 0x00, 0x10, 0x00, 0x00, 0x00, 0x04, 0xe7, 0xff, 0xff,
0x08, 0x00, 0x00, 0x00, 0x10, 0x00, 0x00, 0x00, 0x01, 0x00, 0x00, 0x00,
0x98, 0xff, 0xff, 0xff, 0xff, 0xff, 0xff, 0xff, 0x01, 0x00, 0x00, 0x00,
0xe6, 0x81, 0xc4, 0x3d, 0x30, 0x00, 0x00, 0x00, 0x73, 0x65, 0x71, 0x75,
0x65, 0x6e, 0x74, 0x69, 0x61, 0x6c, 0x2f, 0x62, 0x61, 0x74, 0x63, 0x68,
0x5f, 0x6e, 0x6f, 0x72, 0x6d, 0x61, 0x6c, 0x69, 0x7a, 0x61, 0x74, 0x69,
0x6f, 0x6e, 0x2f, 0x46, 0x75, 0x73, 0x65, 0x64, 0x42, 0x61, 0x74, 0x63,
0x68, 0x4e, 0x6f, 0x72, 0x6d, 0x56, 0x33, 0x33, 0x00, 0x00, 0x00, 0x00,
0x04, 0x00, 0x00, 0x00, 0x01, 0x00, 0x00, 0x00, 0x19, 0x00, 0x00, 0x00,
0x14, 0x00, 0x00, 0x00, 0x10, 0x00, 0x00, 0x00, 0xba, 0xe7, 0xff, 0xff,
0x00, 0x00, 0x00, 0x01, 0x18, 0x00, 0x00, 0x00, 0x28, 0x00, 0x00, 0x00,
0x44, 0x00, 0x00, 0x00, 0x14, 0x00, 0x00, 0x00, 0x00, 0x00, 0x00, 0x09,
0x70, 0x00, 0x00, 0x00, 0x04, 0x00, 0x00, 0x00, 0xff, 0xff, 0xff, 0xff,
0x19, 0x00, 0x00, 0x00, 0x14, 0x00, 0x00, 0x00, 0x10, 0x00, 0x00, 0x00,
0xa4, 0xe7, 0xff, 0xff, 0x08, 0x00, 0x00, 0x00, 0x10, 0x00, 0x00, 0x00,
0x01, 0x00, 0x00, 0x00, 0x97, 0xff, 0xff, 0xff, 0xff, 0xff, 0xff, 0xff,
0x01, 0x00, 0x00, 0x00, 0xeb, 0x3f, 0xc8, 0x3d, 0x30, 0x00, 0x00, 0x00,
0x73, 0x65, 0x71, 0x75, 0x65, 0x6e, 0x74, 0x69, 0x61, 0x6c, 0x2f, 0x62,
0x61, 0x74, 0x63, 0x68, 0x5f, 0x6e, 0x6f, 0x72, 0x6d, 0x61, 0x6c, 0x69,
0x7a, 0x61, 0x74, 0x69, 0x6f, 0x6e, 0x2f, 0x46, 0x75, 0x73, 0x65, 0x64,
0x42, 0x61, 0x74, 0x63, 0x68, 0x4e, 0x6f, 0x72, 0x6d, 0x56, 0x33, 0x32,
0x00, 0x00, 0x00, 0x00, 0x04, 0x00, 0x00, 0x00, 0x01, 0x00, 0x00, 0x00,
0x19, 0x00, 0x00, 0x00, 0x14, 0x00, 0x00, 0x00, 0x10, 0x00, 0x00, 0x00,
0x5a, 0xe8, 0xff, 0xff, 0x00, 0x00, 0x00, 0x01, 0x18, 0x00, 0x00, 0x00,
0x28, 0x00, 0x00, 0x00, 0x44, 0x00, 0x00, 0x00, 0x13, 0x00, 0x00, 0x00,
0x00, 0x00, 0x00, 0x09, 0xd8, 0x00, 0x00, 0x00, 0x04, 0x00, 0x00, 0x00,
0xff, 0xff, 0xff, 0xff, 0x19, 0x00, 0x00, 0x00, 0x14, 0x00, 0x00, 0x00,
0x10, 0x00, 0x00, 0x00, 0x44, 0xe8, 0xff, 0xff, 0x08, 0x00, 0x00, 0x00,
0x10, 0x00, 0x00, 0x00, 0x01, 0x00, 0x00, 0x00, 0x80, 0xff, 0xff, 0xff,
0xff, 0xff, 0xff, 0xff, 0x01, 0x00, 0x00, 0x00, 0xb7, 0xfb, 0xb5, 0x3d,
0x98, 0x00, 0x00, 0x00, 0x73, 0x65, 0x71, 0x75, 0x65, 0x6e, 0x74, 0x69,
0x61, 0x6c, 0x2f, 0x63, 0x6f, 0x6e, 0x76, 0x32, 0x64, 0x2f, 0x52, 0x65,
0x6c, 0x75, 0x3b, 0x73, 0x65, 0x71, 0x75, 0x65, 0x6e, 0x74, 0x69, 0x61,
0x6c, 0x2f, 0x63, 0x6f, 0x6e, 0x76, 0x32, 0x64, 0x2f, 0x42, 0x69, 0x61,
0x73, 0x41, 0x64, 0x64, 0x3b, 0x73, 0x65, 0x71, 0x75, 0x65, 0x6e, 0x74,
0x69, 0x61, 0x6c, 0x2f, 0x64, 0x65, 0x70, 0x74, 0x68, 0x77, 0x69, 0x73,
0x65, 0x5f, 0x63, 0x6f, 0x6e, 0x76, 0x32, 0x64, 0x2f, 0x64, 0x65, 0x70,
0x74, 0x68, 0x77, 0x69, 0x73, 0x65, 0x3b, 0x73, 0x65, 0x71, 0x75, 0x65,
0x6e, 0x74, 0x69, 0x61, 0x6c, 0x2f, 0x63, 0x6f, 0x6e, 0x76, 0x32, 0x64,
0x2f, 0x43, 0x6f, 0x6e, 0x76, 0x32, 0x44, 0x3b, 0x73, 0x65, 0x71, 0x75,
0x65, 0x6e, 0x74, 0x69, 0x61, 0x6c, 0x2f, 0x63, 0x6f, 0x6e, 0x76, 0x32,
0x64, 0x2f, 0x42, 0x69, 0x61, 0x73, 0x41, 0x64, 0x64, 0x2f, 0x52, 0x65,
0x61, 0x64, 0x56, 0x61, 0x72, 0x69, 0x61, 0x62, 0x6c, 0x65, 0x4f, 0x70,
0x00, 0x00, 0x00, 0x00, 0x04, 0x00, 0x00, 0x00, 0x01, 0x00, 0x00, 0x00,
0x19, 0x00, 0x00, 0x00, 0x14, 0x00, 0x00, 0x00, 0x10, 0x00, 0x00, 0x00,
0xe6, 0xe9, 0xff, 0xff, 0x00, 0x00, 0x00, 0x01, 0x14, 0x00, 0x00, 0x00,
0xe8, 0x00, 0x00, 0x00, 0x12, 0x00, 0x00, 0x00, 0x00, 0x00, 0x00, 0x09,
0xfc, 0x00, 0x00, 0x00, 0x34, 0xe9, 0xff, 0xff, 0x08, 0x00, 0x00, 0x00,
0x8c, 0x00, 0x00, 0x00, 0x10, 0x00, 0x00, 0x00, 0x00, 0x00, 0x00, 0x00,
0x00, 0x00, 0x00, 0x00, 0x00, 0x00, 0x00, 0x00, 0x00, 0x00, 0x00, 0x00,
0x00, 0x00, 0x00, 0x00, 0x00, 0x00, 0x00, 0x00, 0x00, 0x00, 0x00, 0x00,
0x00, 0x00, 0x00, 0x00, 0x00, 0x00, 0x00, 0x00, 0x00, 0x00, 0x00, 0x00,
0x00, 0x00, 0x00, 0x00, 0x00, 0x00, 0x00, 0x00, 0x00, 0x00, 0x00, 0x00,
0x00, 0x00, 0x00, 0x00, 0x00, 0x00, 0x00, 0x00, 0x00, 0x00, 0x00, 0x00,
0x00, 0x00, 0x00, 0x00, 0x00, 0x00, 0x00, 0x00, 0x00, 0x00, 0x00, 0x00,
0x00, 0x00, 0x00, 0x00, 0x00, 0x00, 0x00, 0x00, 0x00, 0x00, 0x00, 0x00,
0x00, 0x00, 0x00, 0x00, 0x00, 0x00, 0x00, 0x00, 0x00, 0x00, 0x00, 0x00,
0x00, 0x00, 0x00, 0x00, 0x00, 0x00, 0x00, 0x00, 0x00, 0x00, 0x00, 0x00,
0x00, 0x00, 0x00, 0x00, 0x00, 0x00, 0x00, 0x00, 0x00, 0x00, 0x00, 0x00,
0x00, 0x00, 0x00, 0x00, 0x00, 0x00, 0x00, 0x00, 0x10, 0x00, 0x00, 0x00,
0x81, 0x59, 0x0f, 0x3b, 0x9c, 0xc8, 0x61, 0x3b, 0xe9, 0x55, 0x08, 0x3b,
0xc8, 0x3f, 0xf9, 0x3a, 0x6a, 0x00, 0xd0, 0x3a, 0x41, 0x3b, 0xfe, 0x3a,
0x00, 0xd3, 0x06, 0x3b, 0x21, 0x5f, 0x64, 0x3b, 0x18, 0xcc, 0xd7, 0x3a,
0x05, 0x31, 0xe7, 0x3a, 0xe4, 0x82, 0x1e, 0x3b, 0x2d, 0x6a, 0xc3, 0x3a,
0xde, 0x24, 0x14, 0x3b, 0x0b, 0x66, 0xc9, 0x3a, 0x18, 0xd6, 0xcb, 0x3a,
0x41, 0x36, 0x06, 0x3b, 0x18, 0x00, 0x00, 0x00, 0x73, 0x65, 0x71, 0x75,
0x65, 0x6e, 0x74, 0x69, 0x61, 0x6c, 0x2f, 0x63, 0x6f, 0x6e, 0x76, 0x32,
0x64, 0x2f, 0x43, 0x6f, 0x6e, 0x76, 0x32, 0x44, 0x00, 0x00, 0x00, 0x00,
0x04, 0x00, 0x00, 0x00, 0x10, 0x00, 0x00, 0x00, 0x03, 0x00, 0x00, 0x00,
0x03, 0x00, 0x00, 0x00, 0x01, 0x00, 0x00, 0x00, 0x0e, 0xeb, 0xff, 0xff,
0x00, 0x00, 0x00, 0x01, 0x14, 0x00, 0x00, 0x00, 0xe4, 0x00, 0x00, 0x00,
0x11, 0x00, 0x00, 0x00, 0x00, 0x00, 0x00, 0x02, 0x08, 0x01, 0x00, 0x00,
0x5c, 0xea, 0xff, 0xff, 0x08, 0x00, 0x00, 0x00, 0x88, 0x00, 0x00, 0x00,
0x10, 0x00, 0x00, 0x00, 0x00, 0x00, 0x00, 0x00, 0x00, 0x00, 0x00, 0x00,
0x00, 0x00, 0x00, 0x00, 0x00, 0x00, 0x00, 0x00, 0x00, 0x00, 0x00, 0x00,
0x00, 0x00, 0x00, 0x00, 0x00, 0x00, 0x00, 0x00, 0x00, 0x00, 0x00, 0x00,
0x00, 0x00, 0x00, 0x00, 0x00, 0x00, 0x00, 0x00, 0x00, 0x00, 0x00, 0x00,
0x00, 0x00, 0x00, 0x00, 0x00, 0x00, 0x00, 0x00, 0x00, 0x00, 0x00, 0x00,
0x00, 0x00, 0x00, 0x00, 0x00, 0x00, 0x00, 0x00, 0x00, 0x00, 0x00, 0x00,
0x00, 0x00, 0x00, 0x00, 0x00, 0x00, 0x00, 0x00, 0x00, 0x00, 0x00, 0x00,
0x00, 0x00, 0x00, 0x00, 0x00, 0x00, 0x00, 0x00, 0x00, 0x00, 0x00, 0x00,
0x00, 0x00, 0x00, 0x00, 0x00, 0x00, 0x00, 0x00, 0x00, 0x00, 0x00, 0x00,
0x00, 0x00, 0x00, 0x00, 0x00, 0x00, 0x00, 0x00, 0x00, 0x00, 0x00, 0x00,
0x00, 0x00, 0x00, 0x00, 0x00, 0x00, 0x00, 0x00, 0x00, 0x00, 0x00, 0x00,
0x10, 0x00, 0x00, 0x00, 0x06, 0xe1, 0x2b, 0x39, 0x08, 0x5c, 0x87, 0x39,
0x13, 0x78, 0x23, 0x39, 0x63, 0x6d, 0x15, 0x39, 0xe4, 0x65, 0xf9, 0x38,
0x0c, 0x6a, 0x18, 0x39, 0x29, 0xa8, 0x21, 0x39, 0x38, 0xe9, 0x88, 0x39,
0x60, 0x5f, 0x01, 0x39, 0xff, 0x99, 0x0a, 0x39, 0xe2, 0x0e, 0x3e, 0x39,
0x5d, 0x4e, 0xea, 0x38, 0xa8, 0xa0, 0x31, 0x39, 0x1a, 0x7b, 0xf1, 0x38,
0x5a, 0x67, 0xf4, 0x38, 0x38, 0xec, 0x20, 0x39, 0x28, 0x00, 0x00, 0x00,
0x73, 0x65, 0x71, 0x75, 0x65, 0x6e, 0x74, 0x69, 0x61, 0x6c, 0x2f, 0x63,
0x6f, 0x6e, 0x76, 0x32, 0x64, 0x2f, 0x42, 0x69, 0x61, 0x73, 0x41, 0x64,
0x64, 0x2f, 0x52, 0x65, 0x61, 0x64, 0x56, 0x61, 0x72, 0x69, 0x61, 0x62,
0x6c, 0x65, 0x4f, 0x70, 0x00, 0x00, 0x00, 0x00, 0x01, 0x00, 0x00, 0x00,
0x10, 0x00, 0x00, 0x00, 0x36, 0xec, 0xff, 0xff, 0x00, 0x00, 0x00, 0x01,
0x14, 0x00, 0x00, 0x00, 0x30, 0x00, 0x00, 0x00, 0x10, 0x00, 0x00, 0x00,
0x00, 0x00, 0x00, 0x09, 0x58, 0x00, 0x00, 0x00, 0x84, 0xeb, 0xff, 0xff,
0x08, 0x00, 0x00, 0x00, 0x10, 0x00, 0x00, 0x00, 0x01, 0x00, 0x00, 0x00,
0x80, 0xff, 0xff, 0xff, 0xff, 0xff, 0xff, 0xff, 0x01, 0x00, 0x00, 0x00,
0x07, 0x2e, 0x52, 0x3d, 0x2f, 0x00, 0x00, 0x00, 0x73, 0x65, 0x71, 0x75,
0x65, 0x6e, 0x74, 0x69, 0x61, 0x6c, 0x2f, 0x62, 0x61, 0x74, 0x63, 0x68,
0x5f, 0x6e, 0x6f, 0x72, 0x6d, 0x61, 0x6c, 0x69, 0x7a, 0x61, 0x74, 0x69,
0x6f, 0x6e, 0x2f, 0x46, 0x75, 0x73, 0x65, 0x64, 0x42, 0x61, 0x74, 0x63,
0x68, 0x4e, 0x6f, 0x72, 0x6d, 0x56, 0x33, 0x00, 0x01, 0x00, 0x00, 0x00,
0x10, 0x00, 0x00, 0x00, 0xae, 0xec, 0xff, 0xff, 0x00, 0x00, 0x00, 0x01,
0x14, 0x00, 0x00, 0x00, 0x30, 0x00, 0x00, 0x00, 0x0f, 0x00, 0x00, 0x00,
0x00, 0x00, 0x00, 0x09, 0x5c, 0x00, 0x00, 0x00, 0xfc, 0xeb, 0xff, 0xff,
0x08, 0x00, 0x00, 0x00, 0x10, 0x00, 0x00, 0x00, 0x01, 0x00, 0x00, 0x00,
0x7f, 0x00, 0x00, 0x00, 0x00, 0x00, 0x00, 0x00, 0x01, 0x00, 0x00, 0x00,
0xa4, 0x21, 0x12, 0x3c, 0x30, 0x00, 0x00, 0x00, 0x73, 0x65, 0x71, 0x75,
0x65, 0x6e, 0x74, 0x69, 0x61, 0x6c, 0x2f, 0x62, 0x61, 0x74, 0x63, 0x68,
0x5f, 0x6e, 0x6f, 0x72, 0x6d, 0x61, 0x6c, 0x69, 0x7a, 0x61, 0x74, 0x69,
0x6f, 0x6e, 0x2f, 0x46, 0x75, 0x73, 0x65, 0x64, 0x42, 0x61, 0x74, 0x63,
0x68, 0x4e, 0x6f, 0x72, 0x6d, 0x56, 0x33, 0x31, 0x00, 0x00, 0x00, 0x00,
0x01, 0x00, 0x00, 0x00, 0x10, 0x00, 0x00, 0x00, 0x2a, 0xed, 0xff, 0xff,
0x00, 0x00, 0x00, 0x01, 0x14, 0x00, 0x00, 0x00, 0xe8, 0x00, 0x00, 0x00,
0x0e, 0x00, 0x00, 0x00, 0x00, 0x00, 0x00, 0x09, 0x08, 0x01, 0x00, 0x00,
0xb2, 0xf9, 0xff, 0xff, 0x03, 0x00, 0x00, 0x00, 0x08, 0x00, 0x00, 0x00,
0x88, 0x00, 0x00, 0x00, 0x10, 0x00, 0x00, 0x00, 0x00, 0x00, 0x00, 0x00,
0x00, 0x00, 0x00, 0x00, 0x00, 0x00, 0x00, 0x00, 0x00, 0x00, 0x00, 0x00,
0x00, 0x00, 0x00, 0x00, 0x00, 0x00, 0x00, 0x00, 0x00, 0x00, 0x00, 0x00,
0x00, 0x00, 0x00, 0x00, 0x00, 0x00, 0x00, 0x00, 0x00, 0x00, 0x00, 0x00,
0x00, 0x00, 0x00, 0x00, 0x00, 0x00, 0x00, 0x00, 0x00, 0x00, 0x00, 0x00,
0x00, 0x00, 0x00, 0x00, 0x00, 0x00, 0x00, 0x00, 0x00, 0x00, 0x00, 0x00,
0x00, 0x00, 0x00, 0x00, 0x00, 0x00, 0x00, 0x00, 0x00, 0x00, 0x00, 0x00,
0x00, 0x00, 0x00, 0x00, 0x00, 0x00, 0x00, 0x00, 0x00, 0x00, 0x00, 0x00,
0x00, 0x00, 0x00, 0x00, 0x00, 0x00, 0x00, 0x00, 0x00, 0x00, 0x00, 0x00,
0x00, 0x00, 0x00, 0x00, 0x00, 0x00, 0x00, 0x00, 0x00, 0x00, 0x00, 0x00,
0x00, 0x00, 0x00, 0x00, 0x00, 0x00, 0x00, 0x00, 0x00, 0x00, 0x00, 0x00,
0x00, 0x00, 0x00, 0x00, 0x10, 0x00, 0x00, 0x00, 0xb0, 0x3f, 0xf0, 0x3a,
0x21, 0x82, 0x32, 0x3b, 0xfc, 0x59, 0x2b, 0x3b, 0x4c, 0x65, 0x4b, 0x3b,
0xbe, 0xe8, 0x58, 0x3b, 0xb6, 0x70, 0x7d, 0x3b, 0x50, 0x88, 0x1e, 0x3b,
0x92, 0x75, 0x13, 0x3b, 0x6f, 0x01, 0x3d, 0x3b, 0x68, 0xc9, 0x0c, 0x3b,
0x63, 0xa4, 0x1c, 0x3b, 0xff, 0x4c, 0x40, 0x3b, 0x67, 0x8a, 0x13, 0x3b,
0xbf, 0x73, 0x47, 0x3b, 0x20, 0xe3, 0x55, 0x3b, 0xcc, 0x5a, 0x89, 0x3b,
0x25, 0x00, 0x00, 0x00, 0x73, 0x65, 0x71, 0x75, 0x65, 0x6e, 0x74, 0x69,
0x61, 0x6c, 0x2f, 0x64, 0x65, 0x70, 0x74, 0x68, 0x77, 0x69, 0x73, 0x65,
0x5f, 0x63, 0x6f, 0x6e, 0x76, 0x32, 0x64, 0x2f, 0x64, 0x65, 0x70, 0x74,
0x68, 0x77, 0x69, 0x73, 0x65, 0x00, 0x00, 0x00, 0x04, 0x00, 0x00, 0x00,
0x01, 0x00, 0x00, 0x00, 0x03, 0x00, 0x00, 0x00, 0x03, 0x00, 0x00, 0x00,
0x10, 0x00, 0x00, 0x00, 0x5e, 0xee, 0xff, 0xff, 0x00, 0x00, 0x00, 0x01,
0x14, 0x00, 0x00, 0x00, 0xe4, 0x00, 0x00, 0x00, 0x0d, 0x00, 0x00, 0x00,
0x00, 0x00, 0x00, 0x02, 0x10, 0x01, 0x00, 0x00, 0xac, 0xed, 0xff, 0xff,
0x08, 0x00, 0x00, 0x00, 0x88, 0x00, 0x00, 0x00, 0x10, 0x00, 0x00, 0x00,
0x00, 0x00, 0x00, 0x00, 0x00, 0x00, 0x00, 0x00, 0x00, 0x00, 0x00, 0x00,
0x00, 0x00, 0x00, 0x00, 0x00, 0x00, 0x00, 0x00, 0x00, 0x00, 0x00, 0x00,
0x00, 0x00, 0x00, 0x00, 0x00, 0x00, 0x00, 0x00, 0x00, 0x00, 0x00, 0x00,
0x00, 0x00, 0x00, 0x00, 0x00, 0x00, 0x00, 0x00, 0x00, 0x00, 0x00, 0x00,
0x00, 0x00, 0x00, 0x00, 0x00, 0x00, 0x00, 0x00, 0x00, 0x00, 0x00, 0x00,
0x00, 0x00, 0x00, 0x00, 0x00, 0x00, 0x00, 0x00, 0x00, 0x00, 0x00, 0x00,
0x00, 0x00, 0x00, 0x00, 0x00, 0x00, 0x00, 0x00, 0x00, 0x00, 0x00, 0x00,
0x00, 0x00, 0x00, 0x00, 0x00, 0x00, 0x00, 0x00, 0x00, 0x00, 0x00, 0x00,
0x00, 0x00, 0x00, 0x00, 0x00, 0x00, 0x00, 0x00, 0x00, 0x00, 0x00, 0x00,
0x00, 0x00, 0x00, 0x00, 0x00, 0x00, 0x00, 0x00, 0x00, 0x00, 0x00, 0x00,
0x00, 0x00, 0x00, 0x00, 0x00, 0x00, 0x00, 0x00, 0x10, 0x00, 0x00, 0x00,
0xab, 0x6a, 0x38, 0x39, 0x35, 0x06, 0x89, 0x39, 0xd7, 0x87, 0x83, 0x39,
0xc3, 0x20, 0x9c, 0x39, 0x42, 0x80, 0xa6, 0x39, 0xe5, 0x8a, 0xc2, 0x39,
0x9d, 0x61, 0x73, 0x39, 0xad, 0x61, 0x62, 0x39, 0x01, 0x15, 0x91, 0x39,
0x47, 0x23, 0x58, 0x39, 0xaf, 0x7a, 0x70, 0x39, 0x87, 0x9c, 0x93, 0x39,
0xa8, 0x81, 0x62, 0x39, 0xd3, 0x19, 0x99, 0x39, 0x6c, 0x2e, 0xa4, 0x39,
0x6d, 0xde, 0xd2, 0x39, 0x32, 0x00, 0x00, 0x00, 0x73, 0x65, 0x71, 0x75,
0x65, 0x6e, 0x74, 0x69, 0x61, 0x6c, 0x2f, 0x64, 0x65, 0x70, 0x74, 0x68,
0x77, 0x69, 0x73, 0x65, 0x5f, 0x63, 0x6f, 0x6e, 0x76, 0x32, 0x64, 0x2f,
0x42, 0x69, 0x61, 0x73, 0x41, 0x64, 0x64, 0x2f, 0x52, 0x65, 0x61, 0x64,
0x56, 0x61, 0x72, 0x69, 0x61, 0x62, 0x6c, 0x65, 0x4f, 0x70, 0x00, 0x00,
0x01, 0x00, 0x00, 0x00, 0x10, 0x00, 0x00, 0x00, 0x8e, 0xef, 0xff, 0xff,
0x00, 0x00, 0x00, 0x01, 0x14, 0x00, 0x00, 0x00, 0xa8, 0x01, 0x00, 0x00,
0x0c, 0x00, 0x00, 0x00, 0x00, 0x00, 0x00, 0x09, 0xbc, 0x01, 0x00, 0x00,
0xdc, 0xee, 0xff, 0xff, 0x08, 0x00, 0x00, 0x00, 0x0c, 0x01, 0x00, 0x00,
0x20, 0x00, 0x00, 0x00, 0x00, 0x00, 0x00, 0x00, 0x00, 0x00, 0x00, 0x00,
0x00, 0x00, 0x00, 0x00, 0x00, 0x00, 0x00, 0x00, 0x00, 0x00, 0x00, 0x00,
0x00, 0x00, 0x00, 0x00, 0x00, 0x00, 0x00, 0x00, 0x00, 0x00, 0x00, 0x00,
0x00, 0x00, 0x00, 0x00, 0x00, 0x00, 0x00, 0x00, 0x00, 0x00, 0x00, 0x00,
0x00, 0x00, 0x00, 0x00, 0x00, 0x00, 0x00, 0x00, 0x00, 0x00, 0x00, 0x00,
0x00, 0x00, 0x00, 0x00, 0x00, 0x00, 0x00, 0x00, 0x00, 0x00, 0x00, 0x00,
0x00, 0x00, 0x00, 0x00, 0x00, 0x00, 0x00, 0x00, 0x00, 0x00, 0x00, 0x00,
0x00, 0x00, 0x00, 0x00, 0x00, 0x00, 0x00, 0x00, 0x00, 0x00, 0x00, 0x00,
0x00, 0x00, 0x00, 0x00, 0x00, 0x00, 0x00, 0x00, 0x00, 0x00, 0x00, 0x00,
0x00, 0x00, 0x00, 0x00, 0x00, 0x00, 0x00, 0x00, 0x00, 0x00, 0x00, 0x00,
0x00, 0x00, 0x00, 0x00, 0x00, 0x00, 0x00, 0x00, 0x00, 0x00, 0x00, 0x00,
0x00, 0x00, 0x00, 0x00, 0x00, 0x00, 0x00, 0x00, 0x00, 0x00, 0x00, 0x00,
0x00, 0x00, 0x00, 0x00, 0x00, 0x00, 0x00, 0x00, 0x00, 0x00, 0x00, 0x00,
0x00, 0x00, 0x00, 0x00, 0x00, 0x00, 0x00, 0x00, 0x00, 0x00, 0x00, 0x00,
0x00, 0x00, 0x00, 0x00, 0x00, 0x00, 0x00, 0x00, 0x00, 0x00, 0x00, 0x00,
0x00, 0x00, 0x00, 0x00, 0x00, 0x00, 0x00, 0x00, 0x00, 0x00, 0x00, 0x00,
0x00, 0x00, 0x00, 0x00, 0x00, 0x00, 0x00, 0x00, 0x00, 0x00, 0x00, 0x00,
0x00, 0x00, 0x00, 0x00, 0x00, 0x00, 0x00, 0x00, 0x00, 0x00, 0x00, 0x00,
0x00, 0x00, 0x00, 0x00, 0x00, 0x00, 0x00, 0x00, 0x00, 0x00, 0x00, 0x00,
0x00, 0x00, 0x00, 0x00, 0x00, 0x00, 0x00, 0x00, 0x00, 0x00, 0x00, 0x00,
0x00, 0x00, 0x00, 0x00, 0x00, 0x00, 0x00, 0x00, 0x00, 0x00, 0x00, 0x00,
0x00, 0x00, 0x00, 0x00, 0x00, 0x00, 0x00, 0x00, 0x00, 0x00, 0x00, 0x00,
0x20, 0x00, 0x00, 0x00, 0x49, 0x81, 0xc8, 0x3b, 0xfb, 0x7f, 0x09, 0x3c,
0x06, 0xb0, 0x94, 0x3b, 0xb6, 0xdf, 0x99, 0x3b, 0x9a, 0xaf, 0x13, 0x3c,
0xb5, 0x05, 0xae, 0x3b, 0x2d, 0x90, 0x81, 0x3b, 0xa6, 0xea, 0x8b, 0x3b,
0x9c, 0xee, 0x5b, 0x3b, 0xa0, 0xfa, 0xc9, 0x3b, 0x1f, 0x43, 0x08, 0x3c,
0x4b, 0xd3, 0x96, 0x3b, 0x7d, 0xb1, 0x86, 0x3b, 0xbe, 0x52, 0xbb, 0x3b,
0xab, 0x76, 0x9a, 0x3b, 0x2b, 0x66, 0xc0, 0x3b, 0x60, 0x1e, 0x52, 0x3b,
0x76, 0x2d, 0x83, 0x3b, 0x28, 0xd4, 0xd1, 0x3b, 0x6b, 0x3e, 0xad, 0x3b,
0x6c, 0x2c, 0x52, 0x3b, 0x1b, 0xb6, 0x99, 0x3b, 0x17, 0xf0, 0x85, 0x3b,
0x6c, 0xb0, 0x21, 0x3b, 0x54, 0x1b, 0x4b, 0x3b, 0xb3, 0xa0, 0x8e, 0x3b,
0xac, 0x5e, 0x6f, 0x3b, 0x19, 0x94, 0xb6, 0x3b, 0xa8, 0x9c, 0x8f, 0x3b,
0xd9, 0x9b, 0x05, 0x3c, 0x31, 0x09, 0x70, 0x3b, 0xa3, 0xd9, 0x86, 0x3b,
0x1a, 0x00, 0x00, 0x00, 0x73, 0x65, 0x71, 0x75, 0x65, 0x6e, 0x74, 0x69,
0x61, 0x6c, 0x2f, 0x63, 0x6f, 0x6e, 0x76, 0x32, 0x64, 0x5f, 0x31, 0x2f,
0x43, 0x6f, 0x6e, 0x76, 0x32, 0x44, 0x00, 0x00, 0x04, 0x00, 0x00, 0x00,
0x20, 0x00, 0x00, 0x00, 0x01, 0x00, 0x00, 0x00, 0x01, 0x00, 0x00, 0x00,
0x10, 0x00, 0x00, 0x00, 0x76, 0xf1, 0xff, 0xff, 0x00, 0x00, 0x00, 0x01,
0x14, 0x00, 0x00, 0x00, 0xa4, 0x01, 0x00, 0x00, 0x0b, 0x00, 0x00, 0x00,
0x00, 0x00, 0x00, 0x02, 0xc8, 0x01, 0x00, 0x00, 0xc4, 0xf0, 0xff, 0xff,
0x08, 0x00, 0x00, 0x00, 0x08, 0x01, 0x00, 0x00, 0x20, 0x00, 0x00, 0x00,
0x00, 0x00, 0x00, 0x00, 0x00, 0x00, 0x00, 0x00, 0x00, 0x00, 0x00, 0x00,
0x00, 0x00, 0x00, 0x00, 0x00, 0x00, 0x00, 0x00, 0x00, 0x00, 0x00, 0x00,
0x00, 0x00, 0x00, 0x00, 0x00, 0x00, 0x00, 0x00, 0x00, 0x00, 0x00, 0x00,
0x00, 0x00, 0x00, 0x00, 0x00, 0x00, 0x00, 0x00, 0x00, 0x00, 0x00, 0x00,
0x00, 0x00, 0x00, 0x00, 0x00, 0x00, 0x00, 0x00, 0x00, 0x00, 0x00, 0x00,
0x00, 0x00, 0x00, 0x00, 0x00, 0x00, 0x00, 0x00, 0x00, 0x00, 0x00, 0x00,
0x00, 0x00, 0x00, 0x00, 0x00, 0x00, 0x00, 0x00, 0x00, 0x00, 0x00, 0x00,
0x00, 0x00, 0x00, 0x00, 0x00, 0x00, 0x00, 0x00, 0x00, 0x00, 0x00, 0x00,
0x00, 0x00, 0x00, 0x00, 0x00, 0x00, 0x00, 0x00, 0x00, 0x00, 0x00, 0x00,
0x00, 0x00, 0x00, 0x00, 0x00, 0x00, 0x00, 0x00, 0x00, 0x00, 0x00, 0x00,
0x00, 0x00, 0x00, 0x00, 0x00, 0x00, 0x00, 0x00, 0x00, 0x00, 0x00, 0x00,
0x00, 0x00, 0x00, 0x00, 0x00, 0x00, 0x00, 0x00, 0x00, 0x00, 0x00, 0x00,
0x00, 0x00, 0x00, 0x00, 0x00, 0x00, 0x00, 0x00, 0x00, 0x00, 0x00, 0x00,
0x00, 0x00, 0x00, 0x00, 0x00, 0x00, 0x00, 0x00, 0x00, 0x00, 0x00, 0x00,
0x00, 0x00, 0x00, 0x00, 0x00, 0x00, 0x00, 0x00, 0x00, 0x00, 0x00, 0x00,
0x00, 0x00, 0x00, 0x00, 0x00, 0x00, 0x00, 0x00, 0x00, 0x00, 0x00, 0x00,
0x00, 0x00, 0x00, 0x00, 0x00, 0x00, 0x00, 0x00, 0x00, 0x00, 0x00, 0x00,
0x00, 0x00, 0x00, 0x00, 0x00, 0x00, 0x00, 0x00, 0x00, 0x00, 0x00, 0x00,
0x00, 0x00, 0x00, 0x00, 0x00, 0x00, 0x00, 0x00, 0x00, 0x00, 0x00, 0x00,
0x00, 0x00, 0x00, 0x00, 0x00, 0x00, 0x00, 0x00, 0x00, 0x00, 0x00, 0x00,
0x00, 0x00, 0x00, 0x00, 0x00, 0x00, 0x00, 0x00, 0x00, 0x00, 0x00, 0x00,
0x00, 0x00, 0x00, 0x00, 0x20, 0x00, 0x00, 0x00, 0x01, 0xeb, 0xce, 0x39,
0xd2, 0xe5, 0x0d, 0x3a, 0x77, 0x71, 0x99, 0x39, 0x9e, 0xcb, 0x9e, 0x39,
0xd8, 0x68, 0x18, 0x3a, 0x97, 0x96, 0xb3, 0x39, 0x08, 0xb5, 0x85, 0x39,
0x46, 0x64, 0x90, 0x39, 0x66, 0xf7, 0x62, 0x39, 0x6a, 0x70, 0xd0, 0x39,
0xd3, 0x9e, 0x0c, 0x3a, 0x3d, 0xa6, 0x9b, 0x39, 0x59, 0x00, 0x8b, 0x39,
0x88, 0x50, 0xc1, 0x39, 0x67, 0x67, 0x9f, 0x39, 0x85, 0x8d, 0xc6, 0x39,
0xd0, 0xd6, 0x58, 0x39, 0x89, 0x5f, 0x87, 0x39, 0x38, 0x8a, 0xd8, 0x39,
0xed, 0xc8, 0xb2, 0x39, 0x4f, 0xe5, 0x58, 0x39, 0xaf, 0xa0, 0x9e, 0x39,
0xc3, 0x38, 0x8a, 0x39, 0x52, 0xdc, 0x26, 0x39, 0x5a, 0x9a, 0x51, 0x39,
0x86, 0x30, 0x93, 0x39, 0x9d, 0x06, 0x77, 0x39, 0x0a, 0x6b, 0xbc, 0x39,
0x8a, 0x34, 0x94, 0x39, 0xd4, 0xe1, 0x09, 0x3a, 0x97, 0xb6, 0x77, 0x39,
0xc8, 0x29, 0x8b, 0x39, 0x2a, 0x00, 0x00, 0x00, 0x73, 0x65, 0x71, 0x75,
0x65, 0x6e, 0x74, 0x69, 0x61, 0x6c, 0x2f, 0x63, 0x6f, 0x6e, 0x76, 0x32,
0x64, 0x5f, 0x31, 0x2f, 0x42, 0x69, 0x61, 0x73, 0x41, 0x64, 0x64, 0x2f,
0x52, 0x65, 0x61, 0x64, 0x56, 0x61, 0x72, 0x69, 0x61, 0x62, 0x6c, 0x65,
0x4f, 0x70, 0x00, 0x00, 0x01, 0x00, 0x00, 0x00, 0x20, 0x00, 0x00, 0x00,
0x00, 0x00, 0x16, 0x00, 0x1e, 0x00, 0x18, 0x00, 0x17, 0x00, 0x10, 0x00,
0x0c, 0x00, 0x08, 0x00, 0x00, 0x00, 0x00, 0x00, 0x00, 0x00, 0x07, 0x00,
0x16, 0x00, 0x00, 0x00, 0x00, 0x00, 0x00, 0x01, 0x28, 0x00, 0x00, 0x00,
0xbc, 0x01, 0x00, 0x00, 0x0a, 0x00, 0x00, 0x00, 0x00, 0x00, 0x00, 0x09,
0xdc, 0x01, 0x00, 0x00, 0x00, 0x00, 0x12, 0x00, 0x10, 0x00, 0x00, 0x00,
0x00, 0x00, 0x0c, 0x00, 0x08, 0x00, 0x00, 0x00, 0x00, 0x00, 0x04, 0x00,
0x12, 0x00, 0x00, 0x00, 0x03, 0x00, 0x00, 0x00, 0x08, 0x00, 0x00, 0x00,
0x08, 0x01, 0x00, 0x00, 0x20, 0x00, 0x00, 0x00, 0x00, 0x00, 0x00, 0x00,
0x00, 0x00, 0x00, 0x00, 0x00, 0x00, 0x00, 0x00, 0x00, 0x00, 0x00, 0x00,
0x00, 0x00, 0x00, 0x00, 0x00, 0x00, 0x00, 0x00, 0x00, 0x00, 0x00, 0x00,
0x00, 0x00, 0x00, 0x00, 0x00, 0x00, 0x00, 0x00, 0x00, 0x00, 0x00, 0x00,
0x00, 0x00, 0x00, 0x00, 0x00, 0x00, 0x00, 0x00, 0x00, 0x00, 0x00, 0x00,
0x00, 0x00, 0x00, 0x00, 0x00, 0x00, 0x00, 0x00, 0x00, 0x00, 0x00, 0x00,
0x00, 0x00, 0x00, 0x00, 0x00, 0x00, 0x00, 0x00, 0x00, 0x00, 0x00, 0x00,
0x00, 0x00, 0x00, 0x00, 0x00, 0x00, 0x00, 0x00, 0x00, 0x00, 0x00, 0x00,
0x00, 0x00, 0x00, 0x00, 0x00, 0x00, 0x00, 0x00, 0x00, 0x00, 0x00, 0x00,
0x00, 0x00, 0x00, 0x00, 0x00, 0x00, 0x00, 0x00, 0x00, 0x00, 0x00, 0x00,
0x00, 0x00, 0x00, 0x00, 0x00, 0x00, 0x00, 0x00, 0x00, 0x00, 0x00, 0x00,
0x00, 0x00, 0x00, 0x00, 0x00, 0x00, 0x00, 0x00, 0x00, 0x00, 0x00, 0x00,
0x00, 0x00, 0x00, 0x00, 0x00, 0x00, 0x00, 0x00, 0x00, 0x00, 0x00, 0x00,
0x00, 0x00, 0x00, 0x00, 0x00, 0x00, 0x00, 0x00, 0x00, 0x00, 0x00, 0x00,
0x00, 0x00, 0x00, 0x00, 0x00, 0x00, 0x00, 0x00, 0x00, 0x00, 0x00, 0x00,
0x00, 0x00, 0x00, 0x00, 0x00, 0x00, 0x00, 0x00, 0x00, 0x00, 0x00, 0x00,
0x00, 0x00, 0x00, 0x00, 0x00, 0x00, 0x00, 0x00, 0x00, 0x00, 0x00, 0x00,
0x00, 0x00, 0x00, 0x00, 0x00, 0x00, 0x00, 0x00, 0x00, 0x00, 0x00, 0x00,
0x00, 0x00, 0x00, 0x00, 0x00, 0x00, 0x00, 0x00, 0x00, 0x00, 0x00, 0x00,
0x00, 0x00, 0x00, 0x00, 0x00, 0x00, 0x00, 0x00, 0x00, 0x00, 0x00, 0x00,
0x00, 0x00, 0x00, 0x00, 0x00, 0x00, 0x00, 0x00, 0x00, 0x00, 0x00, 0x00,
0x00, 0x00, 0x00, 0x00, 0x00, 0x00, 0x00, 0x00, 0x00, 0x00, 0x00, 0x00,
0x20, 0x00, 0x00, 0x00, 0x5c, 0x71, 0xdc, 0x3a, 0xc8, 0xb5, 0x1f, 0x3b,
0xff, 0xbd, 0xff, 0x3a, 0x79, 0x45, 0x0a, 0x3b, 0xed, 0x6b, 0x41, 0x3b,
0x90, 0xa6, 0xf4, 0x3a, 0x1e, 0x90, 0x16, 0x3b, 0x66, 0x8a, 0x1b, 0x3b,
0x88, 0x13, 0x9f, 0x3a, 0x44, 0xf7, 0xe5, 0x3a, 0x4e, 0x2b, 0xa6, 0x3b,
0xbd, 0x9c, 0x39, 0x3b, 0x90, 0xf1, 0xee, 0x3a, 0xab, 0xdf, 0x3f, 0x3b,
0x67, 0x5a, 0x19, 0x3b, 0xf9, 0xab, 0x1d, 0x3b, 0x74, 0x1c, 0x97, 0x3a,
0x7d, 0x63, 0x25, 0x3b, 0x2c, 0xa2, 0x3c, 0x3b, 0x67, 0x77, 0x13, 0x3b,
0x02, 0x21, 0x03, 0x3b, 0x12, 0x47, 0xb3, 0x3a, 0x05, 0x94, 0x02, 0x3b,
0xd1, 0xc7, 0xd5, 0x3a, 0xe9, 0x42, 0x24, 0x3b, 0xa3, 0x77, 0x2c, 0x3b,
0x22, 0x1b, 0xbd, 0x3a, 0x0d, 0xaf, 0x07, 0x3b, 0x38, 0xb4, 0xec, 0x3a,
0xaa, 0x6f, 0x53, 0x3b, 0x4b, 0xab, 0xcf, 0x3a, 0x54, 0xd5, 0x11, 0x3b,
0x27, 0x00, 0x00, 0x00, 0x73, 0x65, 0x71, 0x75, 0x65, 0x6e, 0x74, 0x69,
0x61, 0x6c, 0x2f, 0x64, 0x65, 0x70, 0x74, 0x68, 0x77, 0x69, 0x73, 0x65,
0x5f, 0x63, 0x6f, 0x6e, 0x76, 0x32, 0x64, 0x5f, 0x31, 0x2f, 0x64, 0x65,
0x70, 0x74, 0x68, 0x77, 0x69, 0x73, 0x65, 0x00, 0x04, 0x00, 0x00, 0x00,
0x01, 0x00, 0x00, 0x00, 0x03, 0x00, 0x00, 0x00, 0x03, 0x00, 0x00, 0x00,
0x20, 0x00, 0x00, 0x00, 0x7e, 0xf5, 0xff, 0xff, 0x00, 0x00, 0x00, 0x01,
0x14, 0x00, 0x00, 0x00, 0xa8, 0x01, 0x00, 0x00, 0x09, 0x00, 0x00, 0x00,
0x00, 0x00, 0x00, 0x02, 0xd8, 0x01, 0x00, 0x00, 0xcc, 0xf4, 0xff, 0xff,
0x08, 0x00, 0x00, 0x00, 0x0c, 0x01, 0x00, 0x00, 0x20, 0x00, 0x00, 0x00,
0x00, 0x00, 0x00, 0x00, 0x00, 0x00, 0x00, 0x00, 0x00, 0x00, 0x00, 0x00,
0x00, 0x00, 0x00, 0x00, 0x00, 0x00, 0x00, 0x00, 0x00, 0x00, 0x00, 0x00,
0x00, 0x00, 0x00, 0x00, 0x00, 0x00, 0x00, 0x00, 0x00, 0x00, 0x00, 0x00,
0x00, 0x00, 0x00, 0x00, 0x00, 0x00, 0x00, 0x00, 0x00, 0x00, 0x00, 0x00,
0x00, 0x00, 0x00, 0x00, 0x00, 0x00, 0x00, 0x00, 0x00, 0x00, 0x00, 0x00,
0x00, 0x00, 0x00, 0x00, 0x00, 0x00, 0x00, 0x00, 0x00, 0x00, 0x00, 0x00,
0x00, 0x00, 0x00, 0x00, 0x00, 0x00, 0x00, 0x00, 0x00, 0x00, 0x00, 0x00,
0x00, 0x00, 0x00, 0x00, 0x00, 0x00, 0x00, 0x00, 0x00, 0x00, 0x00, 0x00,
0x00, 0x00, 0x00, 0x00, 0x00, 0x00, 0x00, 0x00, 0x00, 0x00, 0x00, 0x00,
0x00, 0x00, 0x00, 0x00, 0x00, 0x00, 0x00, 0x00, 0x00, 0x00, 0x00, 0x00,
0x00, 0x00, 0x00, 0x00, 0x00, 0x00, 0x00, 0x00, 0x00, 0x00, 0x00, 0x00,
0x00, 0x00, 0x00, 0x00, 0x00, 0x00, 0x00, 0x00, 0x00, 0x00, 0x00, 0x00,
0x00, 0x00, 0x00, 0x00, 0x00, 0x00, 0x00, 0x00, 0x00, 0x00, 0x00, 0x00,
0x00, 0x00, 0x00, 0x00, 0x00, 0x00, 0x00, 0x00, 0x00, 0x00, 0x00, 0x00,
0x00, 0x00, 0x00, 0x00, 0x00, 0x00, 0x00, 0x00, 0x00, 0x00, 0x00, 0x00,
0x00, 0x00, 0x00, 0x00, 0x00, 0x00, 0x00, 0x00, 0x00, 0x00, 0x00, 0x00,
0x00, 0x00, 0x00, 0x00, 0x00, 0x00, 0x00, 0x00, 0x00, 0x00, 0x00, 0x00,
0x00, 0x00, 0x00, 0x00, 0x00, 0x00, 0x00, 0x00, 0x00, 0x00, 0x00, 0x00,
0x00, 0x00, 0x00, 0x00, 0x00, 0x00, 0x00, 0x00, 0x00, 0x00, 0x00, 0x00,
0x00, 0x00, 0x00, 0x00, 0x00, 0x00, 0x00, 0x00, 0x00, 0x00, 0x00, 0x00,
0x00, 0x00, 0x00, 0x00, 0x00, 0x00, 0x00, 0x00, 0x00, 0x00, 0x00, 0x00,
0x00, 0x00, 0x00, 0x00, 0x00, 0x00, 0x00, 0x00, 0x20, 0x00, 0x00, 0x00,
0x70, 0xcf, 0x33, 0x39, 0x9f, 0x45, 0x82, 0x39, 0x6b, 0x9a, 0x50, 0x39,
0xdd, 0x91, 0x61, 0x39, 0x0a, 0xc5, 0x9d, 0x39, 0x5b, 0x8e, 0x47, 0x39,
0x29, 0x9f, 0x75, 0x39, 0xf7, 0xbd, 0x7d, 0x39, 0x47, 0xc1, 0x01, 0x39,
0xfb, 0x93, 0x3b, 0x39, 0x5d, 0x8a, 0x07, 0x3a, 0x59, 0x66, 0x97, 0x39,
0xa7, 0xe6, 0x42, 0x39, 0xd2, 0x81, 0x9c, 0x39, 0x69, 0x2c, 0x7a, 0x39,
0xff, 0x9b, 0x80, 0x39, 0x19, 0x84, 0xf6, 0x38, 0x61, 0xe7, 0x86, 0x39,
0x38, 0xdd, 0x99, 0x39, 0xf5, 0x91, 0x70, 0x39, 0xfd, 0xea, 0x55, 0x39,
0x97, 0x3b, 0x12, 0x39, 0xfc, 0x04, 0x55, 0x39, 0x43, 0x60, 0x2e, 0x39,
0xfe, 0xfb, 0x85, 0x39, 0x82, 0xad, 0x8c, 0x39, 0xe2, 0x3f, 0x1a, 0x39,
0x38, 0x59, 0x5d, 0x39, 0xfd, 0x12, 0x41, 0x39, 0xbb, 0x76, 0xac, 0x39,
0x1e, 0x64, 0x29, 0x39, 0xee, 0xe7, 0x6d, 0x39, 0x34, 0x00, 0x00, 0x00,
0x73, 0x65, 0x71, 0x75, 0x65, 0x6e, 0x74, 0x69, 0x61, 0x6c, 0x2f, 0x64,
0x65, 0x70, 0x74, 0x68, 0x77, 0x69, 0x73, 0x65, 0x5f, 0x63, 0x6f, 0x6e,
0x76, 0x32, 0x64, 0x5f, 0x31, 0x2f, 0x42, 0x69, 0x61, 0x73, 0x41, 0x64,
0x64, 0x2f, 0x52, 0x65, 0x61, 0x64, 0x56, 0x61, 0x72, 0x69, 0x61, 0x62,
0x6c, 0x65, 0x4f, 0x70, 0x00, 0x00, 0x00, 0x00, 0x01, 0x00, 0x00, 0x00,
0x20, 0x00, 0x00, 0x00, 0x76, 0xf7, 0xff, 0xff, 0x00, 0x00, 0x00, 0x01,
0x14, 0x00, 0x00, 0x00, 0x28, 0x03, 0x00, 0x00, 0x08, 0x00, 0x00, 0x00,
0x00, 0x00, 0x00, 0x09, 0x3c, 0x03, 0x00, 0x00, 0xc4, 0xf6, 0xff, 0xff,
0x08, 0x00, 0x00, 0x00, 0x0c, 0x02, 0x00, 0x00, 0x40, 0x00, 0x00, 0x00,
0x00, 0x00, 0x00, 0x00, 0x00, 0x00, 0x00, 0x00, 0x00, 0x00, 0x00, 0x00,
0x00, 0x00, 0x00, 0x00, 0x00, 0x00, 0x00, 0x00, 0x00, 0x00, 0x00, 0x00,
0x00, 0x00, 0x00, 0x00, 0x00, 0x00, 0x00, 0x00, 0x00, 0x00, 0x00, 0x00,
0x00, 0x00, 0x00, 0x00, 0x00, 0x00, 0x00, 0x00, 0x00, 0x00, 0x00, 0x00,
0x00, 0x00, 0x00, 0x00, 0x00, 0x00, 0x00, 0x00, 0x00, 0x00, 0x00, 0x00,
0x00, 0x00, 0x00, 0x00, 0x00, 0x00, 0x00, 0x00, 0x00, 0x00, 0x00, 0x00,
0x00, 0x00, 0x00, 0x00, 0x00, 0x00, 0x00, 0x00, 0x00, 0x00, 0x00, 0x00,
0x00, 0x00, 0x00, 0x00, 0x00, 0x00, 0x00, 0x00, 0x00, 0x00, 0x00, 0x00,
0x00, 0x00, 0x00, 0x00, 0x00, 0x00, 0x00, 0x00, 0x00, 0x00, 0x00, 0x00,
0x00, 0x00, 0x00, 0x00, 0x00, 0x00, 0x00, 0x00, 0x00, 0x00, 0x00, 0x00,
0x00, 0x00, 0x00, 0x00, 0x00, 0x00, 0x00, 0x00, 0x00, 0x00, 0x00, 0x00,
0x00, 0x00, 0x00, 0x00, 0x00, 0x00, 0x00, 0x00, 0x00, 0x00, 0x00, 0x00,
0x00, 0x00, 0x00, 0x00, 0x00, 0x00, 0x00, 0x00, 0x00, 0x00, 0x00, 0x00,
0x00, 0x00, 0x00, 0x00, 0x00, 0x00, 0x00, 0x00, 0x00, 0x00, 0x00, 0x00,
0x00, 0x00, 0x00, 0x00, 0x00, 0x00, 0x00, 0x00, 0x00, 0x00, 0x00, 0x00,
0x00, 0x00, 0x00, 0x00, 0x00, 0x00, 0x00, 0x00, 0x00, 0x00, 0x00, 0x00,
0x00, 0x00, 0x00, 0x00, 0x00, 0x00, 0x00, 0x00, 0x00, 0x00, 0x00, 0x00,
0x00, 0x00, 0x00, 0x00, 0x00, 0x00, 0x00, 0x00, 0x00, 0x00, 0x00, 0x00,
0x00, 0x00, 0x00, 0x00, 0x00, 0x00, 0x00, 0x00, 0x00, 0x00, 0x00, 0x00,
0x00, 0x00, 0x00, 0x00, 0x00, 0x00, 0x00, 0x00, 0x00, 0x00, 0x00, 0x00,
0x00, 0x00, 0x00, 0x00, 0x00, 0x00, 0x00, 0x00, 0x00, 0x00, 0x00, 0x00,
0x00, 0x00, 0x00, 0x00, 0x00, 0x00, 0x00, 0x00, 0x00, 0x00, 0x00, 0x00,
0x00, 0x00, 0x00, 0x00, 0x00, 0x00, 0x00, 0x00, 0x00, 0x00, 0x00, 0x00,
0x00, 0x00, 0x00, 0x00, 0x00, 0x00, 0x00, 0x00, 0x00, 0x00, 0x00, 0x00,
0x00, 0x00, 0x00, 0x00, 0x00, 0x00, 0x00, 0x00, 0x00, 0x00, 0x00, 0x00,
0x00, 0x00, 0x00, 0x00, 0x00, 0x00, 0x00, 0x00, 0x00, 0x00, 0x00, 0x00,
0x00, 0x00, 0x00, 0x00, 0x00, 0x00, 0x00, 0x00, 0x00, 0x00, 0x00, 0x00,
0x00, 0x00, 0x00, 0x00, 0x00, 0x00, 0x00, 0x00, 0x00, 0x00, 0x00, 0x00,
0x00, 0x00, 0x00, 0x00, 0x00, 0x00, 0x00, 0x00, 0x00, 0x00, 0x00, 0x00,
0x00, 0x00, 0x00, 0x00, 0x00, 0x00, 0x00, 0x00, 0x00, 0x00, 0x00, 0x00,
0x00, 0x00, 0x00, 0x00, 0x00, 0x00, 0x00, 0x00, 0x00, 0x00, 0x00, 0x00,
0x00, 0x00, 0x00, 0x00, 0x00, 0x00, 0x00, 0x00, 0x00, 0x00, 0x00, 0x00,
0x00, 0x00, 0x00, 0x00, 0x00, 0x00, 0x00, 0x00, 0x00, 0x00, 0x00, 0x00,
0x00, 0x00, 0x00, 0x00, 0x00, 0x00, 0x00, 0x00, 0x00, 0x00, 0x00, 0x00,
0x00, 0x00, 0x00, 0x00, 0x00, 0x00, 0x00, 0x00, 0x00, 0x00, 0x00, 0x00,
0x00, 0x00, 0x00, 0x00, 0x00, 0x00, 0x00, 0x00, 0x00, 0x00, 0x00, 0x00,
0x00, 0x00, 0x00, 0x00, 0x00, 0x00, 0x00, 0x00, 0x00, 0x00, 0x00, 0x00,
0x00, 0x00, 0x00, 0x00, 0x00, 0x00, 0x00, 0x00, 0x00, 0x00, 0x00, 0x00,
0x00, 0x00, 0x00, 0x00, 0x00, 0x00, 0x00, 0x00, 0x00, 0x00, 0x00, 0x00,
0x00, 0x00, 0x00, 0x00, 0x00, 0x00, 0x00, 0x00, 0x00, 0x00, 0x00, 0x00,
0x00, 0x00, 0x00, 0x00, 0x00, 0x00, 0x00, 0x00, 0x00, 0x00, 0x00, 0x00,
0x00, 0x00, 0x00, 0x00, 0x00, 0x00, 0x00, 0x00, 0x00, 0x00, 0x00, 0x00,
0x00, 0x00, 0x00, 0x00, 0x00, 0x00, 0x00, 0x00, 0x00, 0x00, 0x00, 0x00,
0x40, 0x00, 0x00, 0x00, 0x55, 0x63, 0x91, 0x3b, 0xcf, 0x90, 0x53, 0x3b,
0x4a, 0xe2, 0x87, 0x3b, 0x1b, 0x52, 0xaa, 0x3b, 0xd5, 0xe1, 0x68, 0x3b,
0x9d, 0x77, 0x99, 0x3b, 0xd7, 0x8a, 0xa9, 0x3b, 0xa4, 0x82, 0xc4, 0x3b,
0xb3, 0xc4, 0x66, 0x3b, 0x23, 0xa5, 0x59, 0x3b, 0x91, 0xf0, 0x58, 0x3b,
0xdc, 0xab, 0x92, 0x3b, 0xdf, 0x63, 0x36, 0x3b, 0x73, 0xce, 0xce, 0x3b,
0x90, 0xa6, 0x56, 0x3b, 0x53, 0x9c, 0xb8, 0x3b, 0xa0, 0x91, 0x85, 0x3b,
0x84, 0x3e, 0x89, 0x3b, 0x47, 0xe6, 0x94, 0x3b, 0xe8, 0x71, 0xb3, 0x3b,
0x99, 0xef, 0x7c, 0x3b, 0xba, 0xfe, 0x8b, 0x3b, 0x3e, 0x67, 0xb5, 0x3b,
0x52, 0xae, 0x92, 0x3b, 0x4c, 0xf0, 0x70, 0x3b, 0x37, 0x23, 0x9a, 0x3b,
0x0e, 0x0e, 0x15, 0x3c, 0xa9, 0x1f, 0x93, 0x3b, 0x11, 0x4a, 0x95, 0x3b,
0xfb, 0xb9, 0x7d, 0x3b, 0x3a, 0x3e, 0xe0, 0x3b, 0xc2, 0x58, 0xdf, 0x3b,
0x83, 0x61, 0x89, 0x3b, 0x32, 0x93, 0x4f, 0x3b, 0xd4, 0xb5, 0x69, 0x3b,
0xb2, 0xfb, 0x93, 0x3b, 0xf5, 0x17, 0x94, 0x3b, 0x1a, 0x1a, 0x6b, 0x3b,
0x0b, 0x38, 0x70, 0x3b, 0xa9, 0x02, 0x8e, 0x3b, 0x16, 0xca, 0x61, 0x3b,
0x90, 0xca, 0x2c, 0x3b, 0x14, 0xbd, 0x82, 0x3b, 0xb7, 0x4e, 0x85, 0x3b,
0x20, 0x11, 0x82, 0x3b, 0x5f, 0x3a, 0x83, 0x3b, 0xef, 0x96, 0xad, 0x3b,
0xd4, 0x82, 0x8d, 0x3b, 0x5d, 0xe0, 0xad, 0x3b, 0xd8, 0xa0, 0x53, 0x3b,
0x13, 0x92, 0xe5, 0x3b, 0xd8, 0xdf, 0x41, 0x3b, 0x6d, 0xe1, 0x68, 0x3b,
0xea, 0x59, 0x25, 0x3b, 0x67, 0x50, 0xb5, 0x3b, 0x65, 0x15, 0xb6, 0x3b,
0xe6, 0xb4, 0x6f, 0x3b, 0xc7, 0x78, 0x67, 0x3b, 0x5e, 0x09, 0x5a, 0x3b,
0x67, 0xeb, 0x85, 0x3b, 0xde, 0xff, 0x85, 0x3b, 0xff, 0x6f, 0x84, 0x3b,
0x20, 0xd0, 0x6e, 0x3b, 0xa5, 0xa7, 0x89, 0x3b, 0x1a, 0x00, 0x00, 0x00,
0x73, 0x65, 0x71, 0x75, 0x65, 0x6e, 0x74, 0x69, 0x61, 0x6c, 0x2f, 0x63,
0x6f, 0x6e, 0x76, 0x32, 0x64, 0x5f, 0x32, 0x2f, 0x43, 0x6f, 0x6e, 0x76,
0x32, 0x44, 0x00, 0x00, 0x04, 0x00, 0x00, 0x00, 0x40, 0x00, 0x00, 0x00,
0x01, 0x00, 0x00, 0x00, 0x01, 0x00, 0x00, 0x00, 0x20, 0x00, 0x00, 0x00,
0xde, 0xfa, 0xff, 0xff, 0x00, 0x00, 0x00, 0x01, 0x14, 0x00, 0x00, 0x00,
0x24, 0x03, 0x00, 0x00, 0x07, 0x00, 0x00, 0x00, 0x00, 0x00, 0x00, 0x02,
0x48, 0x03, 0x00, 0x00, 0x2c, 0xfa, 0xff, 0xff, 0x08, 0x00, 0x00, 0x00,
0x08, 0x02, 0x00, 0x00, 0x40, 0x00, 0x00, 0x00, 0x00, 0x00, 0x00, 0x00,
0x00, 0x00, 0x00, 0x00, 0x00, 0x00, 0x00, 0x00, 0x00, 0x00, 0x00, 0x00,
0x00, 0x00, 0x00, 0x00, 0x00, 0x00, 0x00, 0x00, 0x00, 0x00, 0x00, 0x00,
0x00, 0x00, 0x00, 0x00, 0x00, 0x00, 0x00, 0x00, 0x00, 0x00, 0x00, 0x00,
0x00, 0x00, 0x00, 0x00, 0x00, 0x00, 0x00, 0x00, 0x00, 0x00, 0x00, 0x00,
0x00, 0x00, 0x00, 0x00, 0x00, 0x00, 0x00, 0x00, 0x00, 0x00, 0x00, 0x00,
0x00, 0x00, 0x00, 0x00, 0x00, 0x00, 0x00, 0x00, 0x00, 0x00, 0x00, 0x00,
0x00, 0x00, 0x00, 0x00, 0x00, 0x00, 0x00, 0x00, 0x00, 0x00, 0x00, 0x00,
0x00, 0x00, 0x00, 0x00, 0x00, 0x00, 0x00, 0x00, 0x00, 0x00, 0x00, 0x00,
0x00, 0x00, 0x00, 0x00, 0x00, 0x00, 0x00, 0x00, 0x00, 0x00, 0x00, 0x00,
0x00, 0x00, 0x00, 0x00, 0x00, 0x00, 0x00, 0x00, 0x00, 0x00, 0x00, 0x00,
0x00, 0x00, 0x00, 0x00, 0x00, 0x00, 0x00, 0x00, 0x00, 0x00, 0x00, 0x00,
0x00, 0x00, 0x00, 0x00, 0x00, 0x00, 0x00, 0x00, 0x00, 0x00, 0x00, 0x00,
0x00, 0x00, 0x00, 0x00, 0x00, 0x00, 0x00, 0x00, 0x00, 0x00, 0x00, 0x00,
0x00, 0x00, 0x00, 0x00, 0x00, 0x00, 0x00, 0x00, 0x00, 0x00, 0x00, 0x00,
0x00, 0x00, 0x00, 0x00, 0x00, 0x00, 0x00, 0x00, 0x00, 0x00, 0x00, 0x00,
0x00, 0x00, 0x00, 0x00, 0x00, 0x00, 0x00, 0x00, 0x00, 0x00, 0x00, 0x00,
0x00, 0x00, 0x00, 0x00, 0x00, 0x00, 0x00, 0x00, 0x00, 0x00, 0x00, 0x00,
0x00, 0x00, 0x00, 0x00, 0x00, 0x00, 0x00, 0x00, 0x00, 0x00, 0x00, 0x00,
0x00, 0x00, 0x00, 0x00, 0x00, 0x00, 0x00, 0x00, 0x00, 0x00, 0x00, 0x00,
0x00, 0x00, 0x00, 0x00, 0x00, 0x00, 0x00, 0x00, 0x00, 0x00, 0x00, 0x00,
0x00, 0x00, 0x00, 0x00, 0x00, 0x00, 0x00, 0x00, 0x00, 0x00, 0x00, 0x00,
0x00, 0x00, 0x00, 0x00, 0x00, 0x00, 0x00, 0x00, 0x00, 0x00, 0x00, 0x00,
0x00, 0x00, 0x00, 0x00, 0x00, 0x00, 0x00, 0x00, 0x00, 0x00, 0x00, 0x00,
0x00, 0x00, 0x00, 0x00, 0x00, 0x00, 0x00, 0x00, 0x00, 0x00, 0x00, 0x00,
0x00, 0x00, 0x00, 0x00, 0x00, 0x00, 0x00, 0x00, 0x00, 0x00, 0x00, 0x00,
0x00, 0x00, 0x00, 0x00, 0x00, 0x00, 0x00, 0x00, 0x00, 0x00, 0x00, 0x00,
0x00, 0x00, 0x00, 0x00, 0x00, 0x00, 0x00, 0x00, 0x00, 0x00, 0x00, 0x00,
0x00, 0x00, 0x00, 0x00, 0x00, 0x00, 0x00, 0x00, 0x00, 0x00, 0x00, 0x00,
0x00, 0x00, 0x00, 0x00, 0x00, 0x00, 0x00, 0x00, 0x00, 0x00, 0x00, 0x00,
0x00, 0x00, 0x00, 0x00, 0x00, 0x00, 0x00, 0x00, 0x00, 0x00, 0x00, 0x00,
0x00, 0x00, 0x00, 0x00, 0x00, 0x00, 0x00, 0x00, 0x00, 0x00, 0x00, 0x00,
0x00, 0x00, 0x00, 0x00, 0x00, 0x00, 0x00, 0x00, 0x00, 0x00, 0x00, 0x00,
0x00, 0x00, 0x00, 0x00, 0x00, 0x00, 0x00, 0x00, 0x00, 0x00, 0x00, 0x00,
0x00, 0x00, 0x00, 0x00, 0x00, 0x00, 0x00, 0x00, 0x00, 0x00, 0x00, 0x00,
0x00, 0x00, 0x00, 0x00, 0x00, 0x00, 0x00, 0x00, 0x00, 0x00, 0x00, 0x00,
0x00, 0x00, 0x00, 0x00, 0x00, 0x00, 0x00, 0x00, 0x00, 0x00, 0x00, 0x00,
0x00, 0x00, 0x00, 0x00, 0x00, 0x00, 0x00, 0x00, 0x00, 0x00, 0x00, 0x00,
0x00, 0x00, 0x00, 0x00, 0x00, 0x00, 0x00, 0x00, 0x00, 0x00, 0x00, 0x00,
0x00, 0x00, 0x00, 0x00, 0x00, 0x00, 0x00, 0x00, 0x00, 0x00, 0x00, 0x00,
0x00, 0x00, 0x00, 0x00, 0x00, 0x00, 0x00, 0x00, 0x00, 0x00, 0x00, 0x00,
0x00, 0x00, 0x00, 0x00, 0x00, 0x00, 0x00, 0x00, 0x00, 0x00, 0x00, 0x00,
0x00, 0x00, 0x00, 0x00, 0x00, 0x00, 0x00, 0x00, 0x00, 0x00, 0x00, 0x00,
0x00, 0x00, 0x00, 0x00, 0x40, 0x00, 0x00, 0x00, 0x84, 0xb5, 0x8b, 0x39,
0x3e, 0x4d, 0x4b, 0x39, 0x82, 0x93, 0x82, 0x39, 0xf9, 0xaa, 0xa3, 0x39,
0x1c, 0xc9, 0x5f, 0x39, 0x02, 0x79, 0x93, 0x39, 0x7d, 0xeb, 0xa2, 0x39,
0x9f, 0xd5, 0xbc, 0x39, 0x1d, 0xc1, 0x5d, 0x39, 0xc7, 0x24, 0x51, 0x39,
0x43, 0x77, 0x50, 0x39, 0x35, 0xf1, 0x8c, 0x39, 0x0c, 0x44, 0x2f, 0x39,
0x79, 0xba, 0xc6, 0x39, 0x26, 0x44, 0x4e, 0x39, 0x4c, 0x66, 0xb1, 0x39,
0xfe, 0x59, 0x80, 0x39, 0x22, 0xe2, 0x83, 0x39, 0x59, 0x15, 0x8f, 0x39,
0x89, 0x6f, 0xac, 0x39, 0x59, 0x0e, 0x73, 0x39, 0xd6, 0x86, 0x86, 0x39,
0x49, 0x51, 0xae, 0x39, 0x93, 0xf3, 0x8c, 0x39, 0x03, 0x87, 0x67, 0x39,
0xe8, 0x1d, 0x94, 0x39, 0x92, 0x3b, 0x0f, 0x3a, 0x7c, 0x60, 0x8d, 0x39,
0x3d, 0x75, 0x8f, 0x39, 0xd3, 0xd0, 0x73, 0x39, 0xe4, 0x7b, 0xd7, 0x39,
0x63, 0x9f, 0xd6, 0x39, 0xc3, 0x03, 0x84, 0x39, 0x89, 0x77, 0x47, 0x39,
0xd3, 0x94, 0x60, 0x39, 0xed, 0x33, 0x8e, 0x39, 0x16, 0x4f, 0x8e, 0x39,
0x2f, 0xeb, 0x61, 0x39, 0xf5, 0xd5, 0x66, 0x39, 0x9e, 0x76, 0x88, 0x39,
0x4a, 0xf8, 0x58, 0x39, 0xb9, 0x0a, 0x26, 0x39, 0x7f, 0x43, 0x7b, 0x39,
0xb2, 0x19, 0x80, 0x39, 0x06, 0xf9, 0x79, 0x39, 0x4b, 0x34, 0x7c, 0x39,
0x1d, 0xcf, 0xa6, 0x39, 0xc7, 0xfb, 0x87, 0x39, 0xac, 0x15, 0xa7, 0x39,
0xa7, 0x5c, 0x4b, 0x39, 0x77, 0x9a, 0xdc, 0x39, 0x2f, 0x4d, 0x3a, 0x39,
0xb8, 0xc8, 0x5f, 0x39, 0x79, 0xe4, 0x1e, 0x39, 0x57, 0x3b, 0xae, 0x39,
0xa3, 0xf8, 0xae, 0x39, 0xef, 0x57, 0x66, 0x39, 0x29, 0x6e, 0x5e, 0x39,
0x18, 0x85, 0x51, 0x39, 0x44, 0xb0, 0x80, 0x39, 0xee, 0xc3, 0x80, 0x39,
0x5b, 0x87, 0x7e, 0x39, 0x19, 0x7c, 0x65, 0x39, 0x28, 0x47, 0x84, 0x39,
0x2a, 0x00, 0x00, 0x00, 0x73, 0x65, 0x71, 0x75, 0x65, 0x6e, 0x74, 0x69,
0x61, 0x6c, 0x2f, 0x63, 0x6f, 0x6e, 0x76, 0x32, 0x64, 0x5f, 0x32, 0x2f,
0x42, 0x69, 0x61, 0x73, 0x41, 0x64, 0x64, 0x2f, 0x52, 0x65, 0x61, 0x64,
0x56, 0x61, 0x72, 0x69, 0x61, 0x62, 0x6c, 0x65, 0x4f, 0x70, 0x00, 0x00,
0x01, 0x00, 0x00, 0x00, 0x40, 0x00, 0x00, 0x00, 0x46, 0xfe, 0xff, 0xff,
0x00, 0x00, 0x00, 0x01, 0x14, 0x00, 0x00, 0x00, 0x34, 0x00, 0x00, 0x00,
0x06, 0x00, 0x00, 0x00, 0x00, 0x00, 0x00, 0x09, 0x44, 0x00, 0x00, 0x00,
0x94, 0xfd, 0xff, 0xff, 0x08, 0x00, 0x00, 0x00, 0x14, 0x00, 0x00, 0x00,
0x01, 0x00, 0x00, 0x00, 0x00, 0x00, 0x00, 0x00, 0x00, 0x00, 0x00, 0x00,
0x00, 0x00, 0x00, 0x00, 0x01, 0x00, 0x00, 0x00, 0x94, 0x9d, 0xe4, 0x3b,
0x17, 0x00, 0x00, 0x00, 0x73, 0x65, 0x71, 0x75, 0x65, 0x6e, 0x74, 0x69,
0x61, 0x6c, 0x2f, 0x64, 0x65, 0x6e, 0x73, 0x65, 0x2f, 0x4d, 0x61, 0x74,
0x4d, 0x75, 0x6c, 0x00, 0x02, 0x00, 0x00, 0x00, 0x40, 0x00, 0x00, 0x00,
0x40, 0x00, 0x00, 0x00, 0xae, 0xfe, 0xff, 0xff, 0x00, 0x00, 0x00, 0x01,
0x14, 0x00, 0x00, 0x00, 0x30, 0x00, 0x00, 0x00, 0x05, 0x00, 0x00, 0x00,
0x00, 0x00, 0x00, 0x02, 0x50, 0x00, 0x00, 0x00, 0xfc, 0xfd, 0xff, 0xff,
0x08, 0x00, 0x00, 0x00, 0x10, 0x00, 0x00, 0x00, 0x01, 0x00, 0x00, 0x00,
0x00, 0x00, 0x00, 0x00, 0x00, 0x00, 0x00, 0x00, 0x01, 0x00, 0x00, 0x00,
0x0b, 0x43, 0x9a, 0x38, 0x27, 0x00, 0x00, 0x00, 0x73, 0x65, 0x71, 0x75,
0x65, 0x6e, 0x74, 0x69, 0x61, 0x6c, 0x2f, 0x64, 0x65, 0x6e, 0x73, 0x65,
0x2f, 0x42, 0x69, 0x61, 0x73, 0x41, 0x64, 0x64, 0x2f, 0x52, 0x65, 0x61,
0x64, 0x56, 0x61, 0x72, 0x69, 0x61, 0x62, 0x6c, 0x65, 0x4f, 0x70, 0x00,
0x01, 0x00, 0x00, 0x00, 0x40, 0x00, 0x00, 0x00, 0x1e, 0xff, 0xff, 0xff,
0x00, 0x00, 0x00, 0x01, 0x14, 0x00, 0x00, 0x00, 0x30, 0x00, 0x00, 0x00,
0x04, 0x00, 0x00, 0x00, 0x00, 0x00, 0x00, 0x09, 0x44, 0x00, 0x00, 0x00,
0x6c, 0xfe, 0xff, 0xff, 0x08, 0x00, 0x00, 0x00, 0x10, 0x00, 0x00, 0x00,
0x01, 0x00, 0x00, 0x00, 0x00, 0x00, 0x00, 0x00, 0x00, 0x00, 0x00, 0x00,
0x01, 0x00, 0x00, 0x00, 0xb1, 0x53, 0x01, 0x3c, 0x19, 0x00, 0x00, 0x00,
0x73, 0x65, 0x71, 0x75, 0x65, 0x6e, 0x74, 0x69, 0x61, 0x6c, 0x2f, 0x64,
0x65, 0x6e, 0x73, 0x65, 0x5f, 0x31, 0x2f, 0x4d, 0x61, 0x74, 0x4d, 0x75,
0x6c, 0x00, 0x00, 0x00, 0x02, 0x00, 0x00, 0x00, 0x03, 0x00, 0x00, 0x00,
0x40, 0x00, 0x00, 0x00, 0x86, 0xff, 0xff, 0xff, 0x00, 0x00, 0x00, 0x01,
0x14, 0x00, 0x00, 0x00, 0x34, 0x00, 0x00, 0x00, 0x03, 0x00, 0x00, 0x00,
0x00, 0x00, 0x00, 0x02, 0x58, 0x00, 0x00, 0x00, 0xd4, 0xfe, 0xff, 0xff,
0x08, 0x00, 0x00, 0x00, 0x14, 0x00, 0x00, 0x00, 0x01, 0x00, 0x00, 0x00,
0x00, 0x00, 0x00, 0x00, 0x00, 0x00, 0x00, 0x00, 0x00, 0x00, 0x00, 0x00,
0x01, 0x00, 0x00, 0x00, 0xbf, 0xd1, 0x64, 0x39, 0x29, 0x00, 0x00, 0x00,
0x73, 0x65, 0x71, 0x75, 0x65, 0x6e, 0x74, 0x69, 0x61, 0x6c, 0x2f, 0x64,
0x65, 0x6e, 0x73, 0x65, 0x5f, 0x31, 0x2f, 0x42, 0x69, 0x61, 0x73, 0x41,
0x64, 0x64, 0x2f, 0x52, 0x65, 0x61, 0x64, 0x56, 0x61, 0x72, 0x69, 0x61,
0x62, 0x6c, 0x65, 0x4f, 0x70, 0x00, 0x00, 0x00, 0x01, 0x00, 0x00, 0x00,
0x03, 0x00, 0x00, 0x00, 0x00, 0x00, 0x16, 0x00, 0x1c, 0x00, 0x18, 0x00,
0x17, 0x00, 0x10, 0x00, 0x0c, 0x00, 0x08, 0x00, 0x00, 0x00, 0x00, 0x00,
0x00, 0x00, 0x07, 0x00, 0x16, 0x00, 0x00, 0x00, 0x00, 0x00, 0x00, 0x01,
0x18, 0x00, 0x00, 0x00, 0x18, 0x00, 0x00, 0x00, 0x02, 0x00, 0x00, 0x00,
0x00, 0x00, 0x00, 0x02, 0x4c, 0x00, 0x00, 0x00, 0x04, 0x00, 0x04, 0x00,
0x04, 0x00, 0x00, 0x00, 0x3a, 0x00, 0x00, 0x00, 0x73, 0x65, 0x71, 0x75,
0x65, 0x6e, 0x74, 0x69, 0x61, 0x6c, 0x2f, 0x67, 0x6c, 0x6f, 0x62, 0x61,
0x6c, 0x5f, 0x61, 0x76, 0x65, 0x72, 0x61, 0x67, 0x65, 0x5f, 0x70, 0x6f,
0x6f, 0x6c, 0x69, 0x6e, 0x67, 0x32, 0x64, 0x2f, 0x4d, 0x65, 0x61, 0x6e,
0x2f, 0x72, 0x65, 0x64, 0x75, 0x63, 0x74, 0x69, 0x6f, 0x6e, 0x5f, 0x69,
0x6e, 0x64, 0x69, 0x63, 0x65, 0x73, 0x00, 0x00, 0x01, 0x00, 0x00, 0x00,
0x02, 0x00, 0x00, 0x00, 0x00, 0x00, 0x16, 0x00, 0x20, 0x00, 0x1c, 0x00,
0x1b, 0x00, 0x14, 0x00, 0x10, 0x00, 0x0c, 0x00, 0x00, 0x00, 0x00, 0x00,
0x08, 0x00, 0x07, 0x00, 0x16, 0x00, 0x00, 0x00, 0x00, 0x00, 0x00, 0x01,
0x18, 0x00, 0x00, 0x00, 0x34, 0x00, 0x00, 0x00, 0x50, 0x00, 0x00, 0x00,
0x01, 0x00, 0x00, 0x00, 0x00, 0x00, 0x00, 0x09, 0x64, 0x00, 0x00, 0x00,
0x04, 0x00, 0x00, 0x00, 0xff, 0xff, 0xff, 0xff, 0x31, 0x00, 0x00, 0x00,
0x28, 0x00, 0x00, 0x00, 0x01, 0x00, 0x00, 0x00, 0x0c, 0x00, 0x0c, 0x00,
0x00, 0x00, 0x00, 0x00, 0x08, 0x00, 0x04, 0x00, 0x0c, 0x00, 0x00, 0x00,
0x08, 0x00, 0x00, 0x00, 0x10, 0x00, 0x00, 0x00, 0x01, 0x00, 0x00, 0x00,
0x38, 0x00, 0x00, 0x00, 0x00, 0x00, 0x00, 0x00, 0x01, 0x00, 0x00, 0x00,
0x79, 0x79, 0x99, 0x3d, 0x19, 0x00, 0x00, 0x00, 0x73, 0x65, 0x72, 0x76,
0x69, 0x6e, 0x67, 0x5f, 0x64, 0x65, 0x66, 0x61, 0x75, 0x6c, 0x74, 0x5f,
0x69, 0x6e, 0x70, 0x75, 0x74, 0x5f, 0x31, 0x3a, 0x30, 0x00, 0x00, 0x00,
0x04, 0x00, 0x00, 0x00, 0x01, 0x00, 0x00, 0x00, 0x31, 0x00, 0x00, 0x00,
0x28, 0x00, 0x00, 0x00, 0x01, 0x00, 0x00, 0x00, 0x08, 0x00, 0x00, 0x00,
0xa8, 0x00, 0x00, 0x00, 0x88, 0x00, 0x00, 0x00, 0x7c, 0x00, 0x00, 0x00,
0x60, 0x00, 0x00, 0x00, 0x40, 0x00, 0x00, 0x00, 0x2c, 0x00, 0x00, 0x00,
0x18, 0x00, 0x00, 0x00, 0x04, 0x00, 0x00, 0x00, 0x84, 0xff, 0xff, 0xff,
0x19, 0x00, 0x00, 0x00, 0x02, 0x00, 0x00, 0x00, 0x00, 0x00, 0x00, 0x19,
0x94, 0xff, 0xff, 0xff, 0x09, 0x00, 0x00, 0x00, 0x04, 0x00, 0x00, 0x00,
0x00, 0x00, 0x00, 0x09, 0xa4, 0xff, 0xff, 0xff, 0x28, 0x00, 0x00, 0x00,
0x02, 0x00, 0x00, 0x00, 0x00, 0x00, 0x00, 0x28, 0xb4, 0xff, 0xff, 0xff,
0x11, 0x00, 0x00, 0x00, 0x02, 0x00, 0x00, 0x00, 0x00, 0x00, 0x00, 0x11,
0x0c, 0x00, 0x0e, 0x00, 0x0d, 0x00, 0x00, 0x00, 0x08, 0x00, 0x04, 0x00,
0x0c, 0x00, 0x00, 0x00, 0x04, 0x00, 0x00, 0x00, 0x03, 0x00, 0x00, 0x00,
0x00, 0x04, 0x0a, 0x00, 0x08, 0x00, 0x00, 0x00, 0x00, 0x00, 0x04, 0x00,
0x0a, 0x00, 0x00, 0x00, 0x02, 0x00, 0x00, 0x00, 0xf0, 0xff, 0xff, 0xff,
0x12, 0x00, 0x00, 0x00, 0x02, 0x00, 0x00, 0x00, 0x00, 0x00, 0x00, 0x12,
0x0c, 0x00, 0x10, 0x00, 0x0f, 0x00, 0x00, 0x00, 0x08, 0x00, 0x04, 0x00,
0x0c, 0x00, 0x00, 0x00, 0x03, 0x00, 0x00, 0x00, 0x03, 0x00, 0x00, 0x00,
0x00, 0x00, 0x00, 0x03, };

const unsigned int g_model_len = sizeof(g_model);
